scenario,scenario_display,sample_idx,method,metric,diseased_val,non_diseased_val,ratio
MI_1,MI Mild (μ=1.5),0,Point Estimate,mse,0.029497,0.024862,1.186452
MI_1,MI Mild (μ=1.5),1,Point Estimate,mse,0.004707,0.042349,0.111159
MI_1,MI Mild (μ=1.5),2,Point Estimate,mse,0.010133,0.130927,0.077393
MI_1,MI Mild (μ=1.5),3,Point Estimate,mse,0.000203,0.040444,0.005008
MI_1,MI Mild (μ=1.5),4,Point Estimate,mse,0.003173,0.004033,0.786722
MI_1,MI Mild (μ=1.5),5,Point Estimate,mse,0.004049,0.000966,4.190954
MI_1,MI Mild (μ=1.5),6,Point Estimate,mse,0.002626,0.001253,2.096502
MI_1,MI Mild (μ=1.5),7,Point Estimate,mse,0.014770,0.028761,0.513558
MI_1,MI Mild (μ=1.5),8,Point Estimate,mse,0.016135,0.115854,0.139273
MI_1,MI Mild (μ=1.5),9,Point Estimate,mse,0.007625,0.117374,0.064964
MI_1,MI Mild (μ=1.5),10,Point Estimate,mse,0.000982,0.004268,0.230196
MI_1,MI Mild (μ=1.5),11,Point Estimate,mse,0.007770,0.019299,0.402630
MI_1,MI Mild (μ=1.5),12,Point Estimate,mse,0.004531,0.023746,0.190804
MI_1,MI Mild (μ=1.5),13,Point Estimate,mse,0.000293,0.000417,0.701484
MI_1,MI Mild (μ=1.5),14,Point Estimate,mse,0.014825,0.030549,0.485301
MI_1,MI Mild (μ=1.5),15,Point Estimate,mse,0.004384,0.007741,0.566431
MI_1,MI Mild (μ=1.5),16,Point Estimate,mse,0.013951,0.055499,0.251369
MI_1,MI Mild (μ=1.5),17,Point Estimate,mse,0.000541,0.027870,0.019404
MI_1,MI Mild (μ=1.5),18,Point Estimate,mse,0.007178,0.002416,2.970283
MI_1,MI Mild (μ=1.5),19,Point Estimate,mse,0.007067,0.010537,0.670692
MI_1,MI Mild (μ=1.5),20,Point Estimate,mse,0.068884,0.012666,5.438450
MI_1,MI Mild (μ=1.5),21,Point Estimate,mse,0.010534,0.016225,0.649251
MI_1,MI Mild (μ=1.5),22,Point Estimate,mse,0.052365,0.014285,3.665672
MI_1,MI Mild (μ=1.5),23,Point Estimate,mse,0.020287,0.015288,1.326991
MI_1,MI Mild (μ=1.5),24,Point Estimate,mse,0.062423,0.015101,4.133573
MI_1,MI Mild (μ=1.5),25,Point Estimate,mse,0.007239,0.003023,2.394505
MI_1,MI Mild (μ=1.5),26,Point Estimate,mse,0.093260,0.002266,41.148508
MI_1,MI Mild (μ=1.5),27,Point Estimate,mse,0.000768,0.008161,0.094139
MI_1,MI Mild (μ=1.5),28,Point Estimate,mse,0.115478,0.003753,30.768618
MI_1,MI Mild (μ=1.5),29,Point Estimate,mse,0.001628,0.001700,0.957518
MI_1,MI Mild (μ=1.5),30,Point Estimate,mse,0.173277,0.010160,17.055547
MI_1,MI Mild (μ=1.5),31,Point Estimate,mse,0.001483,0.002775,0.534250
MI_1,MI Mild (μ=1.5),32,Point Estimate,mse,0.029781,0.001219,24.435976
MI_1,MI Mild (μ=1.5),33,Point Estimate,mse,0.044909,0.015519,2.893755
MI_1,MI Mild (μ=1.5),34,Point Estimate,mse,0.042582,0.000919,46.344154
MI_1,MI Mild (μ=1.5),35,Point Estimate,mse,0.172307,0.005099,33.794629
MI_1,MI Mild (μ=1.5),36,Point Estimate,mse,0.207606,0.005440,38.159628
MI_1,MI Mild (μ=1.5),37,Point Estimate,mse,0.002511,0.003479,0.721731
MI_1,MI Mild (μ=1.5),38,Point Estimate,mse,0.099730,0.003640,27.396456
MI_1,MI Mild (μ=1.5),39,Point Estimate,mse,0.007275,0.012746,0.570759
MI_1,MI Mild (μ=1.5),40,Point Estimate,mse,0.003910,0.003583,1.091159
MI_1,MI Mild (μ=1.5),41,Point Estimate,mse,0.002522,0.008367,0.301354
MI_1,MI Mild (μ=1.5),42,Point Estimate,mse,0.002650,0.008785,0.301612
MI_1,MI Mild (μ=1.5),43,Point Estimate,mse,0.001824,0.025820,0.070636
MI_1,MI Mild (μ=1.5),44,Point Estimate,mse,0.000368,0.012296,0.029928
MI_1,MI Mild (μ=1.5),45,Point Estimate,mse,0.001775,0.004795,0.370245
MI_1,MI Mild (μ=1.5),46,Point Estimate,mse,0.000453,0.002296,0.197241
MI_1,MI Mild (μ=1.5),47,Point Estimate,mse,0.000770,0.001970,0.390713
MI_1,MI Mild (μ=1.5),48,Point Estimate,mse,0.023561,0.041385,0.569318
MI_1,MI Mild (μ=1.5),49,Point Estimate,mse,0.008259,0.029454,0.280401
MI_1,MI Mild (μ=1.5),50,Point Estimate,mse,0.000626,0.001278,0.489452
MI_1,MI Mild (μ=1.5),51,Point Estimate,mse,0.000821,0.011012,0.074522
MI_1,MI Mild (μ=1.5),52,Point Estimate,mse,0.000789,0.001384,0.569697
MI_1,MI Mild (μ=1.5),53,Point Estimate,mse,0.000514,0.003625,0.141655
MI_1,MI Mild (μ=1.5),54,Point Estimate,mse,0.000415,0.003649,0.113654
MI_1,MI Mild (μ=1.5),55,Point Estimate,mse,0.000914,0.031271,0.029222
MI_1,MI Mild (μ=1.5),56,Point Estimate,mse,0.004713,0.016767,0.281086
MI_1,MI Mild (μ=1.5),57,Point Estimate,mse,0.001185,0.012423,0.095421
MI_1,MI Mild (μ=1.5),58,Point Estimate,mse,0.015527,0.034683,0.447690
MI_1,MI Mild (μ=1.5),59,Point Estimate,mse,0.002049,0.014577,0.140528
MI_1,MI Mild (μ=1.5),60,Point Estimate,mse,0.018229,0.058431,0.311975
MI_1,MI Mild (μ=1.5),61,Point Estimate,mse,0.117797,0.014319,8.226600
MI_1,MI Mild (μ=1.5),62,Point Estimate,mse,0.050717,0.009380,5.406874
MI_1,MI Mild (μ=1.5),63,Point Estimate,mse,0.002795,0.001160,2.409600
MI_1,MI Mild (μ=1.5),64,Point Estimate,mse,0.003802,0.016440,0.231236
MI_1,MI Mild (μ=1.5),65,Point Estimate,mse,0.012614,0.003853,3.273658
MI_1,MI Mild (μ=1.5),66,Point Estimate,mse,0.011532,0.049803,0.231551
MI_1,MI Mild (μ=1.5),67,Point Estimate,mse,0.061637,0.031099,1.981948
MI_1,MI Mild (μ=1.5),68,Point Estimate,mse,0.015833,0.006399,2.474338
MI_1,MI Mild (μ=1.5),69,Point Estimate,mse,0.056716,0.005424,10.455735
MI_1,MI Mild (μ=1.5),70,Point Estimate,mse,0.149991,0.010238,14.649692
MI_1,MI Mild (μ=1.5),71,Point Estimate,mse,0.029541,0.009937,2.972809
MI_1,MI Mild (μ=1.5),72,Point Estimate,mse,0.028919,0.001277,22.643142
MI_1,MI Mild (μ=1.5),73,Point Estimate,mse,0.007396,0.024480,0.302114
MI_1,MI Mild (μ=1.5),74,Point Estimate,mse,0.038712,0.011495,3.367658
MI_1,MI Mild (μ=1.5),75,Point Estimate,mse,0.112867,0.006632,17.019122
MI_1,MI Mild (μ=1.5),76,Point Estimate,mse,0.075256,0.005918,12.715496
MI_1,MI Mild (μ=1.5),77,Point Estimate,mse,0.059707,0.008984,6.645752
MI_1,MI Mild (μ=1.5),78,Point Estimate,mse,0.002089,0.029978,0.069692
MI_1,MI Mild (μ=1.5),79,Point Estimate,mse,0.012561,0.003309,3.796315
MI_1,MI Mild (μ=1.5),80,Point Estimate,mse,0.000319,0.024855,0.012835
MI_1,MI Mild (μ=1.5),81,Point Estimate,mse,0.006405,0.016782,0.381674
MI_1,MI Mild (μ=1.5),82,Point Estimate,mse,0.005034,0.044241,0.113783
MI_1,MI Mild (μ=1.5),83,Point Estimate,mse,0.000377,0.053468,0.007044
MI_1,MI Mild (μ=1.5),84,Point Estimate,mse,0.000398,0.012366,0.032181
MI_1,MI Mild (μ=1.5),85,Point Estimate,mse,0.020149,0.043123,0.467255
MI_1,MI Mild (μ=1.5),86,Point Estimate,mse,0.011365,0.011129,1.021273
MI_1,MI Mild (μ=1.5),87,Point Estimate,mse,0.000289,0.008237,0.035120
MI_1,MI Mild (μ=1.5),88,Point Estimate,mse,0.000148,0.005124,0.028959
MI_1,MI Mild (μ=1.5),89,Point Estimate,mse,0.000249,0.019733,0.012598
MI_1,MI Mild (μ=1.5),90,Point Estimate,mse,0.001288,0.041330,0.031168
MI_1,MI Mild (μ=1.5),91,Point Estimate,mse,0.002290,0.045080,0.050807
MI_1,MI Mild (μ=1.5),92,Point Estimate,mse,0.000063,0.005198,0.012200
MI_1,MI Mild (μ=1.5),93,Point Estimate,mse,0.004576,0.004632,0.987882
MI_1,MI Mild (μ=1.5),94,Point Estimate,mse,0.000071,0.031484,0.002259
MI_1,MI Mild (μ=1.5),95,Point Estimate,mse,0.000586,0.052541,0.011151
MI_1,MI Mild (μ=1.5),96,Point Estimate,mse,0.002832,0.004522,0.626299
MI_1,MI Mild (μ=1.5),97,Point Estimate,mse,0.000456,0.003040,0.150078
MI_1,MI Mild (μ=1.5),98,Point Estimate,mse,0.011297,0.015731,0.718128
MI_1,MI Mild (μ=1.5),99,Point Estimate,mse,0.001874,0.004003,0.468144
MI_2,MI Moderate (μ=2.0),0,Point Estimate,mse,0.000961,0.002998,0.320663
MI_2,MI Moderate (μ=2.0),1,Point Estimate,mse,0.029377,0.019314,1.521022
MI_2,MI Moderate (μ=2.0),2,Point Estimate,mse,0.004476,0.002032,2.202918
MI_2,MI Moderate (μ=2.0),3,Point Estimate,mse,0.023601,0.027297,0.864589
MI_2,MI Moderate (μ=2.0),4,Point Estimate,mse,0.002723,0.014666,0.185703
MI_2,MI Moderate (μ=2.0),5,Point Estimate,mse,0.006494,0.041574,0.156202
MI_2,MI Moderate (μ=2.0),6,Point Estimate,mse,0.000403,0.042162,0.009560
MI_2,MI Moderate (μ=2.0),7,Point Estimate,mse,0.000727,0.003289,0.221165
MI_2,MI Moderate (μ=2.0),8,Point Estimate,mse,0.015333,0.025746,0.595539
MI_2,MI Moderate (μ=2.0),9,Point Estimate,mse,0.003834,0.003082,1.244012
MI_2,MI Moderate (μ=2.0),10,Point Estimate,mse,0.003534,0.014157,0.249624
MI_2,MI Moderate (μ=2.0),11,Point Estimate,mse,0.033182,0.023585,1.406915
MI_2,MI Moderate (μ=2.0),12,Point Estimate,mse,0.023865,0.031541,0.756627
MI_2,MI Moderate (μ=2.0),13,Point Estimate,mse,0.012308,0.001007,12.217642
MI_2,MI Moderate (μ=2.0),14,Point Estimate,mse,0.002219,0.001880,1.180495
MI_2,MI Moderate (μ=2.0),15,Point Estimate,mse,0.022754,0.020950,1.086147
MI_2,MI Moderate (μ=2.0),16,Point Estimate,mse,0.015795,0.031006,0.509420
MI_2,MI Moderate (μ=2.0),17,Point Estimate,mse,0.002177,0.014877,0.146311
MI_2,MI Moderate (μ=2.0),18,Point Estimate,mse,0.007465,0.017986,0.415076
MI_2,MI Moderate (μ=2.0),19,Point Estimate,mse,0.007514,0.030882,0.243305
MI_2,MI Moderate (μ=2.0),20,Point Estimate,mse,0.044053,0.002165,20.348833
MI_2,MI Moderate (μ=2.0),21,Point Estimate,mse,0.072387,0.000685,105.704912
MI_2,MI Moderate (μ=2.0),22,Point Estimate,mse,0.046440,0.012898,3.600477
MI_2,MI Moderate (μ=2.0),23,Point Estimate,mse,0.070914,0.004062,17.458392
MI_2,MI Moderate (μ=2.0),24,Point Estimate,mse,0.026439,0.000906,29.187341
MI_2,MI Moderate (μ=2.0),25,Point Estimate,mse,0.045344,0.002578,17.588081
MI_2,MI Moderate (μ=2.0),26,Point Estimate,mse,0.075581,0.007500,10.078067
MI_2,MI Moderate (μ=2.0),27,Point Estimate,mse,0.024597,0.002211,11.126767
MI_2,MI Moderate (μ=2.0),28,Point Estimate,mse,0.078722,0.000852,92.391100
MI_2,MI Moderate (μ=2.0),29,Point Estimate,mse,0.051873,0.003553,14.597994
MI_2,MI Moderate (μ=2.0),30,Point Estimate,mse,0.101294,0.000651,155.583388
MI_2,MI Moderate (μ=2.0),31,Point Estimate,mse,0.072845,0.002137,34.081762
MI_2,MI Moderate (μ=2.0),32,Point Estimate,mse,0.042252,0.000714,59.169516
MI_2,MI Moderate (μ=2.0),33,Point Estimate,mse,0.095812,0.011810,8.112580
MI_2,MI Moderate (μ=2.0),34,Point Estimate,mse,0.019600,0.001806,10.855090
MI_2,MI Moderate (μ=2.0),35,Point Estimate,mse,0.003572,0.002809,1.271703
MI_2,MI Moderate (μ=2.0),36,Point Estimate,mse,0.060551,0.001274,47.539685
MI_2,MI Moderate (μ=2.0),37,Point Estimate,mse,0.017252,0.002036,8.474655
MI_2,MI Moderate (μ=2.0),38,Point Estimate,mse,0.065291,0.004079,16.006478
MI_2,MI Moderate (μ=2.0),39,Point Estimate,mse,0.057744,0.034219,1.687499
MI_2,MI Moderate (μ=2.0),40,Point Estimate,mse,0.000430,0.005023,0.085586
MI_2,MI Moderate (μ=2.0),41,Point Estimate,mse,0.001966,0.011147,0.176361
MI_2,MI Moderate (μ=2.0),42,Point Estimate,mse,0.004223,0.004361,0.968535
MI_2,MI Moderate (μ=2.0),43,Point Estimate,mse,0.000404,0.005713,0.070644
MI_2,MI Moderate (μ=2.0),44,Point Estimate,mse,0.000717,0.004192,0.170969
MI_2,MI Moderate (μ=2.0),45,Point Estimate,mse,0.000787,0.009817,0.080139
MI_2,MI Moderate (μ=2.0),46,Point Estimate,mse,0.000876,0.011803,0.074253
MI_2,MI Moderate (μ=2.0),47,Point Estimate,mse,0.000119,0.001954,0.060673
MI_2,MI Moderate (μ=2.0),48,Point Estimate,mse,0.004348,0.000787,5.520844
MI_2,MI Moderate (μ=2.0),49,Point Estimate,mse,0.002106,0.002748,0.766517
MI_2,MI Moderate (μ=2.0),50,Point Estimate,mse,0.001321,0.001881,0.701890
MI_2,MI Moderate (μ=2.0),51,Point Estimate,mse,0.000942,0.005136,0.183389
MI_2,MI Moderate (μ=2.0),52,Point Estimate,mse,0.001255,0.006978,0.179819
MI_2,MI Moderate (μ=2.0),53,Point Estimate,mse,0.001238,0.001909,0.648274
MI_2,MI Moderate (μ=2.0),54,Point Estimate,mse,0.007159,0.011632,0.615462
MI_2,MI Moderate (μ=2.0),55,Point Estimate,mse,0.000790,0.008869,0.089106
MI_2,MI Moderate (μ=2.0),56,Point Estimate,mse,0.000749,0.013208,0.056726
MI_2,MI Moderate (μ=2.0),57,Point Estimate,mse,0.000602,0.005283,0.114016
MI_2,MI Moderate (μ=2.0),58,Point Estimate,mse,0.005222,0.003835,1.361595
MI_2,MI Moderate (μ=2.0),59,Point Estimate,mse,0.005521,0.003825,1.443446
MI_2,MI Moderate (μ=2.0),60,Point Estimate,mse,0.049306,0.001679,29.366428
MI_2,MI Moderate (μ=2.0),61,Point Estimate,mse,0.017304,0.009147,1.891644
MI_2,MI Moderate (μ=2.0),62,Point Estimate,mse,0.002493,0.003446,0.723467
MI_2,MI Moderate (μ=2.0),63,Point Estimate,mse,0.065763,0.011421,5.758101
MI_2,MI Moderate (μ=2.0),64,Point Estimate,mse,0.038713,0.007135,5.425959
MI_2,MI Moderate (μ=2.0),65,Point Estimate,mse,0.200302,0.027845,7.193399
MI_2,MI Moderate (μ=2.0),66,Point Estimate,mse,0.282248,0.022763,12.399467
MI_2,MI Moderate (μ=2.0),67,Point Estimate,mse,0.344801,0.028829,11.960190
MI_2,MI Moderate (μ=2.0),68,Point Estimate,mse,0.006061,0.039197,0.154630
MI_2,MI Moderate (μ=2.0),69,Point Estimate,mse,0.038523,0.007155,5.384165
MI_2,MI Moderate (μ=2.0),70,Point Estimate,mse,0.150930,0.015574,9.691338
MI_2,MI Moderate (μ=2.0),71,Point Estimate,mse,0.288121,0.015422,18.682015
MI_2,MI Moderate (μ=2.0),72,Point Estimate,mse,0.078949,0.006511,12.126192
MI_2,MI Moderate (μ=2.0),73,Point Estimate,mse,0.067518,0.009040,7.469052
MI_2,MI Moderate (μ=2.0),74,Point Estimate,mse,0.092473,0.006266,14.757280
MI_2,MI Moderate (μ=2.0),75,Point Estimate,mse,0.515772,0.029508,17.479330
MI_2,MI Moderate (μ=2.0),76,Point Estimate,mse,0.176764,0.014617,12.093143
MI_2,MI Moderate (μ=2.0),77,Point Estimate,mse,0.045042,0.010551,4.269144
MI_2,MI Moderate (μ=2.0),78,Point Estimate,mse,0.131361,0.010059,13.058403
MI_2,MI Moderate (μ=2.0),79,Point Estimate,mse,0.013766,0.005052,2.724662
MI_2,MI Moderate (μ=2.0),80,Point Estimate,mse,0.001071,0.038303,0.027950
MI_2,MI Moderate (μ=2.0),81,Point Estimate,mse,0.000222,0.030225,0.007330
MI_2,MI Moderate (μ=2.0),82,Point Estimate,mse,0.001177,0.019684,0.059792
MI_2,MI Moderate (μ=2.0),83,Point Estimate,mse,0.008816,0.010620,0.830072
MI_2,MI Moderate (μ=2.0),84,Point Estimate,mse,0.004278,0.008867,0.482483
MI_2,MI Moderate (μ=2.0),85,Point Estimate,mse,0.008052,0.014151,0.569031
MI_2,MI Moderate (μ=2.0),86,Point Estimate,mse,0.000797,0.011023,0.072297
MI_2,MI Moderate (μ=2.0),87,Point Estimate,mse,0.000225,0.060053,0.003743
MI_2,MI Moderate (μ=2.0),88,Point Estimate,mse,0.000020,0.002855,0.006896
MI_2,MI Moderate (μ=2.0),89,Point Estimate,mse,0.000385,0.003685,0.104491
MI_2,MI Moderate (μ=2.0),90,Point Estimate,mse,0.000144,0.011072,0.013001
MI_2,MI Moderate (μ=2.0),91,Point Estimate,mse,0.003204,0.074261,0.043146
MI_2,MI Moderate (μ=2.0),92,Point Estimate,mse,0.009552,0.032134,0.297240
MI_2,MI Moderate (μ=2.0),93,Point Estimate,mse,0.000089,0.068814,0.001287
MI_2,MI Moderate (μ=2.0),94,Point Estimate,mse,0.004914,0.041392,0.118720
MI_2,MI Moderate (μ=2.0),95,Point Estimate,mse,0.000553,0.007443,0.074336
MI_2,MI Moderate (μ=2.0),96,Point Estimate,mse,0.005677,0.013963,0.406562
MI_2,MI Moderate (μ=2.0),97,Point Estimate,mse,0.008487,0.030189,0.281136
MI_2,MI Moderate (μ=2.0),98,Point Estimate,mse,0.003780,0.046003,0.082162
MI_2,MI Moderate (μ=2.0),99,Point Estimate,mse,0.000904,0.007701,0.117344
MI_3,MI Severe (μ=3.0),0,Point Estimate,mse,0.006066,0.016668,0.363904
MI_3,MI Severe (μ=3.0),1,Point Estimate,mse,0.000664,0.011633,0.057081
MI_3,MI Severe (μ=3.0),2,Point Estimate,mse,0.111142,0.013425,8.278650
MI_3,MI Severe (μ=3.0),3,Point Estimate,mse,0.647524,0.023725,27.293319
MI_3,MI Severe (μ=3.0),4,Point Estimate,mse,0.001820,0.008386,0.217023
MI_3,MI Severe (μ=3.0),5,Point Estimate,mse,0.169411,0.004829,35.079713
MI_3,MI Severe (μ=3.0),6,Point Estimate,mse,0.017460,0.021032,0.830180
MI_3,MI Severe (μ=3.0),7,Point Estimate,mse,0.002222,0.023682,0.093823
MI_3,MI Severe (μ=3.0),8,Point Estimate,mse,0.006772,0.020733,0.326641
MI_3,MI Severe (μ=3.0),9,Point Estimate,mse,0.003320,0.012260,0.270770
MI_3,MI Severe (μ=3.0),10,Point Estimate,mse,0.035766,0.007089,5.045094
MI_3,MI Severe (μ=3.0),11,Point Estimate,mse,1.011118,0.022673,44.595899
MI_3,MI Severe (μ=3.0),12,Point Estimate,mse,0.008572,0.024387,0.351487
MI_3,MI Severe (μ=3.0),13,Point Estimate,mse,0.009494,0.013158,0.721489
MI_3,MI Severe (μ=3.0),14,Point Estimate,mse,0.597037,0.011541,51.731819
MI_3,MI Severe (μ=3.0),15,Point Estimate,mse,0.262286,0.012426,21.108509
MI_3,MI Severe (μ=3.0),16,Point Estimate,mse,0.021990,0.030595,0.718726
MI_3,MI Severe (μ=3.0),17,Point Estimate,mse,0.012283,0.016720,0.734596
MI_3,MI Severe (μ=3.0),18,Point Estimate,mse,0.011775,0.016113,0.730736
MI_3,MI Severe (μ=3.0),19,Point Estimate,mse,0.012711,0.003014,4.216975
MI_3,MI Severe (μ=3.0),20,Point Estimate,mse,0.006787,0.002929,2.316830
MI_3,MI Severe (μ=3.0),21,Point Estimate,mse,0.001171,0.009220,0.127020
MI_3,MI Severe (μ=3.0),22,Point Estimate,mse,0.005129,0.011465,0.447341
MI_3,MI Severe (μ=3.0),23,Point Estimate,mse,0.013458,0.004979,2.702648
MI_3,MI Severe (μ=3.0),24,Point Estimate,mse,0.001261,0.006542,0.192843
MI_3,MI Severe (μ=3.0),25,Point Estimate,mse,0.033538,0.003244,10.337251
MI_3,MI Severe (μ=3.0),26,Point Estimate,mse,0.000154,0.006862,0.022482
MI_3,MI Severe (μ=3.0),27,Point Estimate,mse,0.001120,0.004233,0.264608
MI_3,MI Severe (μ=3.0),28,Point Estimate,mse,0.010903,0.005607,1.944569
MI_3,MI Severe (μ=3.0),29,Point Estimate,mse,0.064192,0.007802,8.227680
MI_3,MI Severe (μ=3.0),30,Point Estimate,mse,0.001049,0.005830,0.179981
MI_3,MI Severe (μ=3.0),31,Point Estimate,mse,0.103723,0.009373,11.066349
MI_3,MI Severe (μ=3.0),32,Point Estimate,mse,0.010119,0.007978,1.268333
MI_3,MI Severe (μ=3.0),33,Point Estimate,mse,0.082154,0.007142,11.503264
MI_3,MI Severe (μ=3.0),34,Point Estimate,mse,0.004545,0.005205,0.873119
MI_3,MI Severe (μ=3.0),35,Point Estimate,mse,0.068140,0.001521,44.798589
MI_3,MI Severe (μ=3.0),36,Point Estimate,mse,0.013144,0.003450,3.809542
MI_3,MI Severe (μ=3.0),37,Point Estimate,mse,0.056982,0.002378,23.960962
MI_3,MI Severe (μ=3.0),38,Point Estimate,mse,0.000747,0.005241,0.142457
MI_3,MI Severe (μ=3.0),39,Point Estimate,mse,0.003680,0.002168,1.697359
MI_3,MI Severe (μ=3.0),40,Point Estimate,mse,0.005924,0.002651,2.234783
MI_3,MI Severe (μ=3.0),41,Point Estimate,mse,0.001865,0.002654,0.702881
MI_3,MI Severe (μ=3.0),42,Point Estimate,mse,0.037324,0.032592,1.145190
MI_3,MI Severe (μ=3.0),43,Point Estimate,mse,0.036404,0.005218,6.977042
MI_3,MI Severe (μ=3.0),44,Point Estimate,mse,0.003368,0.006685,0.503787
MI_3,MI Severe (μ=3.0),45,Point Estimate,mse,0.003027,0.006174,0.490241
MI_3,MI Severe (μ=3.0),46,Point Estimate,mse,0.004346,0.004071,1.067369
MI_3,MI Severe (μ=3.0),47,Point Estimate,mse,0.000190,0.010730,0.017674
MI_3,MI Severe (μ=3.0),48,Point Estimate,mse,0.003388,0.001849,1.832480
MI_3,MI Severe (μ=3.0),49,Point Estimate,mse,0.002377,0.003693,0.643568
MI_3,MI Severe (μ=3.0),50,Point Estimate,mse,0.005806,0.011682,0.497023
MI_3,MI Severe (μ=3.0),51,Point Estimate,mse,0.004192,0.006214,0.674616
MI_3,MI Severe (μ=3.0),52,Point Estimate,mse,0.011070,0.002787,3.971724
MI_3,MI Severe (μ=3.0),53,Point Estimate,mse,0.045061,0.003193,14.114397
MI_3,MI Severe (μ=3.0),54,Point Estimate,mse,0.015521,0.004443,3.493126
MI_3,MI Severe (μ=3.0),55,Point Estimate,mse,0.002115,0.003149,0.671713
MI_3,MI Severe (μ=3.0),56,Point Estimate,mse,0.027181,0.005065,5.366790
MI_3,MI Severe (μ=3.0),57,Point Estimate,mse,0.007768,0.003899,1.992119
MI_3,MI Severe (μ=3.0),58,Point Estimate,mse,0.002652,0.001205,2.201713
MI_3,MI Severe (μ=3.0),59,Point Estimate,mse,0.008704,0.005804,1.499716
MI_3,MI Severe (μ=3.0),60,Point Estimate,mse,0.464687,0.010441,44.505017
MI_3,MI Severe (μ=3.0),61,Point Estimate,mse,0.360813,0.012503,28.858659
MI_3,MI Severe (μ=3.0),62,Point Estimate,mse,0.993614,0.034161,29.086219
MI_3,MI Severe (μ=3.0),63,Point Estimate,mse,0.108246,0.010542,10.267711
MI_3,MI Severe (μ=3.0),64,Point Estimate,mse,0.130015,0.007940,16.373777
MI_3,MI Severe (μ=3.0),65,Point Estimate,mse,0.419201,0.024600,17.040949
MI_3,MI Severe (μ=3.0),66,Point Estimate,mse,0.246748,0.007786,31.690611
MI_3,MI Severe (μ=3.0),67,Point Estimate,mse,0.384058,0.011968,32.089696
MI_3,MI Severe (μ=3.0),68,Point Estimate,mse,0.167532,0.020169,8.306589
MI_3,MI Severe (μ=3.0),69,Point Estimate,mse,0.002441,0.007097,0.343908
MI_3,MI Severe (μ=3.0),70,Point Estimate,mse,0.003499,0.014424,0.242596
MI_3,MI Severe (μ=3.0),71,Point Estimate,mse,0.844373,0.035544,23.755849
MI_3,MI Severe (μ=3.0),72,Point Estimate,mse,0.759678,0.010434,72.809705
MI_3,MI Severe (μ=3.0),73,Point Estimate,mse,0.271950,0.018750,14.503896
MI_3,MI Severe (μ=3.0),74,Point Estimate,mse,0.153907,0.017089,9.006479
MI_3,MI Severe (μ=3.0),75,Point Estimate,mse,0.289292,0.012267,23.583235
MI_3,MI Severe (μ=3.0),76,Point Estimate,mse,0.450631,0.010694,42.137156
MI_3,MI Severe (μ=3.0),77,Point Estimate,mse,0.234216,0.011654,20.097573
MI_3,MI Severe (μ=3.0),78,Point Estimate,mse,0.094111,0.012269,7.670837
MI_3,MI Severe (μ=3.0),79,Point Estimate,mse,0.189054,0.015352,12.314572
MI_3,MI Severe (μ=3.0),80,Point Estimate,mse,0.001057,0.004759,0.222115
MI_3,MI Severe (μ=3.0),81,Point Estimate,mse,0.007101,0.029073,0.244230
MI_3,MI Severe (μ=3.0),82,Point Estimate,mse,0.016630,0.035539,0.467931
MI_3,MI Severe (μ=3.0),83,Point Estimate,mse,0.008441,0.009644,0.875209
MI_3,MI Severe (μ=3.0),84,Point Estimate,mse,0.004574,0.004275,1.069826
MI_3,MI Severe (μ=3.0),85,Point Estimate,mse,0.041231,0.045685,0.902520
MI_3,MI Severe (μ=3.0),86,Point Estimate,mse,0.001873,0.007180,0.260830
MI_3,MI Severe (μ=3.0),87,Point Estimate,mse,0.035131,0.050850,0.690884
MI_3,MI Severe (μ=3.0),88,Point Estimate,mse,0.000568,0.064495,0.008808
MI_3,MI Severe (μ=3.0),89,Point Estimate,mse,0.000072,0.024338,0.002957
MI_3,MI Severe (μ=3.0),90,Point Estimate,mse,0.022145,0.014774,1.498940
MI_3,MI Severe (μ=3.0),91,Point Estimate,mse,0.000067,0.003560,0.018761
MI_3,MI Severe (μ=3.0),92,Point Estimate,mse,0.009498,0.031560,0.300959
MI_3,MI Severe (μ=3.0),93,Point Estimate,mse,0.004393,0.030491,0.144069
MI_3,MI Severe (μ=3.0),94,Point Estimate,mse,0.003148,0.005026,0.626227
MI_3,MI Severe (μ=3.0),95,Point Estimate,mse,0.044933,0.043051,1.043714
MI_3,MI Severe (μ=3.0),96,Point Estimate,mse,0.016279,0.070129,0.232134
MI_3,MI Severe (μ=3.0),97,Point Estimate,mse,0.000506,0.003650,0.138608
MI_3,MI Severe (μ=3.0),98,Point Estimate,mse,0.005686,0.043239,0.131505
MI_3,MI Severe (μ=3.0),99,Point Estimate,mse,0.036866,0.068463,0.538482
MI_1,MI Mild (μ=1.5),0,MCMC,crps,0.114484,0.144654,0.791429
MI_1,MI Mild (μ=1.5),1,MCMC,crps,0.053549,0.114329,0.468377
MI_1,MI Mild (μ=1.5),2,MCMC,crps,0.034936,0.154363,0.226324
MI_1,MI Mild (μ=1.5),3,MCMC,crps,0.070331,0.134093,0.524491
MI_1,MI Mild (μ=1.5),4,MCMC,crps,0.066353,0.115276,0.575602
MI_1,MI Mild (μ=1.5),5,MCMC,crps,0.069508,0.129617,0.536262
MI_1,MI Mild (μ=1.5),6,MCMC,crps,0.089376,0.114395,0.781292
MI_1,MI Mild (μ=1.5),7,MCMC,crps,0.074620,0.156809,0.475865
MI_1,MI Mild (μ=1.5),8,MCMC,crps,0.064379,0.179379,0.358899
MI_1,MI Mild (μ=1.5),9,MCMC,crps,0.034064,0.146810,0.232030
MI_1,MI Mild (μ=1.5),10,MCMC,crps,0.062634,0.127624,0.490767
MI_1,MI Mild (μ=1.5),11,MCMC,crps,0.102184,0.128469,0.795398
MI_1,MI Mild (μ=1.5),12,MCMC,crps,0.065466,0.115150,0.568522
MI_1,MI Mild (μ=1.5),13,MCMC,crps,0.085247,0.115456,0.738344
MI_1,MI Mild (μ=1.5),14,MCMC,crps,0.072116,0.140813,0.512140
MI_1,MI Mild (μ=1.5),15,MCMC,crps,0.084836,0.138835,0.611060
MI_1,MI Mild (μ=1.5),16,MCMC,crps,0.055304,0.145955,0.378909
MI_1,MI Mild (μ=1.5),17,MCMC,crps,0.062504,0.128220,0.487478
MI_1,MI Mild (μ=1.5),18,MCMC,crps,0.059628,0.123868,0.481379
MI_1,MI Mild (μ=1.5),19,MCMC,crps,0.091437,0.127791,0.715518
MI_1,MI Mild (μ=1.5),20,MCMC,crps,0.388925,0.078146,4.976886
MI_1,MI Mild (μ=1.5),21,MCMC,crps,0.170777,0.050138,3.406098
MI_1,MI Mild (μ=1.5),22,MCMC,crps,0.171164,0.059919,2.856612
MI_1,MI Mild (μ=1.5),23,MCMC,crps,0.136890,0.053302,2.568202
MI_1,MI Mild (μ=1.5),24,MCMC,crps,0.163810,0.055464,2.953464
MI_1,MI Mild (μ=1.5),25,MCMC,crps,0.152259,0.059069,2.577640
MI_1,MI Mild (μ=1.5),26,MCMC,crps,0.294078,0.070783,4.154663
MI_1,MI Mild (μ=1.5),27,MCMC,crps,0.259908,0.069574,3.735687
MI_1,MI Mild (μ=1.5),28,MCMC,crps,0.301100,0.070982,4.241889
MI_1,MI Mild (μ=1.5),29,MCMC,crps,0.225957,0.068108,3.317647
MI_1,MI Mild (μ=1.5),30,MCMC,crps,0.382609,0.079862,4.790893
MI_1,MI Mild (μ=1.5),31,MCMC,crps,0.267040,0.065073,4.103721
MI_1,MI Mild (μ=1.5),32,MCMC,crps,0.129958,0.048605,2.673787
MI_1,MI Mild (μ=1.5),33,MCMC,crps,0.129468,0.050822,2.547462
MI_1,MI Mild (μ=1.5),34,MCMC,crps,0.111995,0.044790,2.500426
MI_1,MI Mild (μ=1.5),35,MCMC,crps,0.378543,0.082410,4.593412
MI_1,MI Mild (μ=1.5),36,MCMC,crps,0.313605,0.066946,4.684472
MI_1,MI Mild (μ=1.5),37,MCMC,crps,0.245994,0.070422,3.493156
MI_1,MI Mild (μ=1.5),38,MCMC,crps,0.285308,0.079245,3.600316
MI_1,MI Mild (μ=1.5),39,MCMC,crps,0.174802,0.058721,2.976822
MI_1,MI Mild (μ=1.5),40,MCMC,crps,0.062729,0.116888,0.536655
MI_1,MI Mild (μ=1.5),41,MCMC,crps,0.069031,0.070199,0.983361
MI_1,MI Mild (μ=1.5),42,MCMC,crps,0.052327,0.069612,0.751696
MI_1,MI Mild (μ=1.5),43,MCMC,crps,0.066638,0.083966,0.793633
MI_1,MI Mild (μ=1.5),44,MCMC,crps,0.052984,0.106817,0.496027
MI_1,MI Mild (μ=1.5),45,MCMC,crps,0.054023,0.072860,0.741467
MI_1,MI Mild (μ=1.5),46,MCMC,crps,0.057448,0.070077,0.819791
MI_1,MI Mild (μ=1.5),47,MCMC,crps,0.055872,0.068700,0.813279
MI_1,MI Mild (μ=1.5),48,MCMC,crps,0.064266,0.139655,0.460177
MI_1,MI Mild (μ=1.5),49,MCMC,crps,0.052294,0.107899,0.484654
MI_1,MI Mild (μ=1.5),50,MCMC,crps,0.054410,0.072624,0.749200
MI_1,MI Mild (μ=1.5),51,MCMC,crps,0.044417,0.079393,0.559461
MI_1,MI Mild (μ=1.5),52,MCMC,crps,0.083033,0.072882,1.139290
MI_1,MI Mild (μ=1.5),53,MCMC,crps,0.052510,0.073194,0.717414
MI_1,MI Mild (μ=1.5),54,MCMC,crps,0.058409,0.121818,0.479481
MI_1,MI Mild (μ=1.5),55,MCMC,crps,0.082839,0.136319,0.607687
MI_1,MI Mild (μ=1.5),56,MCMC,crps,0.044612,0.120371,0.370623
MI_1,MI Mild (μ=1.5),57,MCMC,crps,0.059788,0.063094,0.947608
MI_1,MI Mild (μ=1.5),58,MCMC,crps,0.055567,0.134151,0.414212
MI_1,MI Mild (μ=1.5),59,MCMC,crps,0.071650,0.105653,0.678160
MI_1,MI Mild (μ=1.5),60,MCMC,crps,0.059617,0.237061,0.251485
MI_1,MI Mild (μ=1.5),61,MCMC,crps,0.174443,0.068637,2.541533
MI_1,MI Mild (μ=1.5),62,MCMC,crps,0.191229,0.073423,2.604482
MI_1,MI Mild (μ=1.5),63,MCMC,crps,0.198093,0.081915,2.418287
MI_1,MI Mild (μ=1.5),64,MCMC,crps,0.219191,0.094100,2.329343
MI_1,MI Mild (μ=1.5),65,MCMC,crps,0.149245,0.089901,1.660109
MI_1,MI Mild (μ=1.5),66,MCMC,crps,0.042861,0.140871,0.304256
MI_1,MI Mild (μ=1.5),67,MCMC,crps,0.051234,0.107813,0.475208
MI_1,MI Mild (μ=1.5),68,MCMC,crps,0.121143,0.072014,1.682204
MI_1,MI Mild (μ=1.5),69,MCMC,crps,0.165345,0.081642,2.025248
MI_1,MI Mild (μ=1.5),70,MCMC,crps,0.172689,0.067205,2.569592
MI_1,MI Mild (μ=1.5),71,MCMC,crps,0.135199,0.093056,1.452874
MI_1,MI Mild (μ=1.5),72,MCMC,crps,0.232526,0.093828,2.478220
MI_1,MI Mild (μ=1.5),73,MCMC,crps,0.161125,0.110499,1.458152
MI_1,MI Mild (μ=1.5),74,MCMC,crps,0.200067,0.067424,2.967303
MI_1,MI Mild (μ=1.5),75,MCMC,crps,0.184607,0.079912,2.310128
MI_1,MI Mild (μ=1.5),76,MCMC,crps,0.130288,0.097534,1.335823
MI_1,MI Mild (μ=1.5),77,MCMC,crps,0.170671,0.055303,3.086119
MI_1,MI Mild (μ=1.5),78,MCMC,crps,0.139166,0.111791,1.244880
MI_1,MI Mild (μ=1.5),79,MCMC,crps,0.139491,0.110882,1.258005
MI_1,MI Mild (μ=1.5),80,MCMC,crps,0.030605,0.114996,0.266139
MI_1,MI Mild (μ=1.5),81,MCMC,crps,0.067521,0.094868,0.711728
MI_1,MI Mild (μ=1.5),82,MCMC,crps,0.026287,0.132016,0.199122
MI_1,MI Mild (μ=1.5),83,MCMC,crps,0.066963,0.165128,0.405523
MI_1,MI Mild (μ=1.5),84,MCMC,crps,0.032240,0.112506,0.286558
MI_1,MI Mild (μ=1.5),85,MCMC,crps,0.057217,0.110659,0.517060
MI_1,MI Mild (μ=1.5),86,MCMC,crps,0.061732,0.097980,0.630043
MI_1,MI Mild (μ=1.5),87,MCMC,crps,0.051824,0.093470,0.554446
MI_1,MI Mild (μ=1.5),88,MCMC,crps,0.066911,0.094266,0.709815
MI_1,MI Mild (μ=1.5),89,MCMC,crps,0.033491,0.116627,0.287163
MI_1,MI Mild (μ=1.5),90,MCMC,crps,0.037092,0.128994,0.287552
MI_1,MI Mild (μ=1.5),91,MCMC,crps,0.052417,0.106891,0.490383
MI_1,MI Mild (μ=1.5),92,MCMC,crps,0.067164,0.088691,0.757278
MI_1,MI Mild (μ=1.5),93,MCMC,crps,0.073168,0.088541,0.826376
MI_1,MI Mild (μ=1.5),94,MCMC,crps,0.043964,0.126346,0.347967
MI_1,MI Mild (μ=1.5),95,MCMC,crps,0.028858,0.145280,0.198634
MI_1,MI Mild (μ=1.5),96,MCMC,crps,0.045280,0.118710,0.381434
MI_1,MI Mild (μ=1.5),97,MCMC,crps,0.082613,0.087533,0.943797
MI_1,MI Mild (μ=1.5),98,MCMC,crps,0.054747,0.120442,0.454553
MI_1,MI Mild (μ=1.5),99,MCMC,crps,0.048315,0.105078,0.459799
MI_2,MI Moderate (μ=2.0),0,MCMC,crps,0.070917,0.100160,0.708033
MI_2,MI Moderate (μ=2.0),1,MCMC,crps,0.119167,0.122041,0.976448
MI_2,MI Moderate (μ=2.0),2,MCMC,crps,0.093582,0.113437,0.824963
MI_2,MI Moderate (μ=2.0),3,MCMC,crps,0.088824,0.156044,0.569224
MI_2,MI Moderate (μ=2.0),4,MCMC,crps,0.107152,0.122174,0.877045
MI_2,MI Moderate (μ=2.0),5,MCMC,crps,0.078854,0.153515,0.513656
MI_2,MI Moderate (μ=2.0),6,MCMC,crps,0.070605,0.144930,0.487163
MI_2,MI Moderate (μ=2.0),7,MCMC,crps,0.080232,0.094596,0.848161
MI_2,MI Moderate (μ=2.0),8,MCMC,crps,0.095023,0.121668,0.780995
MI_2,MI Moderate (μ=2.0),9,MCMC,crps,0.111747,0.125204,0.892516
MI_2,MI Moderate (μ=2.0),10,MCMC,crps,0.090598,0.102466,0.884175
MI_2,MI Moderate (μ=2.0),11,MCMC,crps,0.095876,0.145990,0.656727
MI_2,MI Moderate (μ=2.0),12,MCMC,crps,0.082587,0.132203,0.624697
MI_2,MI Moderate (μ=2.0),13,MCMC,crps,0.107020,0.132818,0.805767
MI_2,MI Moderate (μ=2.0),14,MCMC,crps,0.098474,0.112089,0.878528
MI_2,MI Moderate (μ=2.0),15,MCMC,crps,0.096711,0.128492,0.752662
MI_2,MI Moderate (μ=2.0),16,MCMC,crps,0.073025,0.142178,0.513614
MI_2,MI Moderate (μ=2.0),17,MCMC,crps,0.101319,0.100361,1.009548
MI_2,MI Moderate (μ=2.0),18,MCMC,crps,0.095531,0.150461,0.634920
MI_2,MI Moderate (μ=2.0),19,MCMC,crps,0.065566,0.127846,0.512850
MI_2,MI Moderate (μ=2.0),20,MCMC,crps,0.133489,0.051071,2.613779
MI_2,MI Moderate (μ=2.0),21,MCMC,crps,0.132288,0.055864,2.368033
MI_2,MI Moderate (μ=2.0),22,MCMC,crps,0.107364,0.048162,2.229233
MI_2,MI Moderate (μ=2.0),23,MCMC,crps,0.145574,0.059212,2.458538
MI_2,MI Moderate (μ=2.0),24,MCMC,crps,0.118346,0.048751,2.427578
MI_2,MI Moderate (μ=2.0),25,MCMC,crps,0.116624,0.049645,2.349134
MI_2,MI Moderate (μ=2.0),26,MCMC,crps,0.157843,0.060727,2.599225
MI_2,MI Moderate (μ=2.0),27,MCMC,crps,0.117745,0.051456,2.288279
MI_2,MI Moderate (μ=2.0),28,MCMC,crps,0.127033,0.046147,2.752769
MI_2,MI Moderate (μ=2.0),29,MCMC,crps,0.124182,0.050747,2.447048
MI_2,MI Moderate (μ=2.0),30,MCMC,crps,0.131468,0.050848,2.585511
MI_2,MI Moderate (μ=2.0),31,MCMC,crps,0.116957,0.045753,2.556273
MI_2,MI Moderate (μ=2.0),32,MCMC,crps,0.102931,0.047619,2.161545
MI_2,MI Moderate (μ=2.0),33,MCMC,crps,0.113965,0.049048,2.323531
MI_2,MI Moderate (μ=2.0),34,MCMC,crps,0.124187,0.052887,2.348156
MI_2,MI Moderate (μ=2.0),35,MCMC,crps,0.128007,0.050066,2.556770
MI_2,MI Moderate (μ=2.0),36,MCMC,crps,0.110520,0.044185,2.501289
MI_2,MI Moderate (μ=2.0),37,MCMC,crps,0.108215,0.047919,2.258310
MI_2,MI Moderate (μ=2.0),38,MCMC,crps,0.268095,0.068631,3.906359
MI_2,MI Moderate (μ=2.0),39,MCMC,crps,0.111880,0.048038,2.328971
MI_2,MI Moderate (μ=2.0),40,MCMC,crps,0.055203,0.067988,0.811953
MI_2,MI Moderate (μ=2.0),41,MCMC,crps,0.073240,0.061069,1.199304
MI_2,MI Moderate (μ=2.0),42,MCMC,crps,0.077651,0.074891,1.036856
MI_2,MI Moderate (μ=2.0),43,MCMC,crps,0.062722,0.064837,0.967374
MI_2,MI Moderate (μ=2.0),44,MCMC,crps,0.075353,0.074414,1.012616
MI_2,MI Moderate (μ=2.0),45,MCMC,crps,0.049991,0.077644,0.643852
MI_2,MI Moderate (μ=2.0),46,MCMC,crps,0.068813,0.070429,0.977059
MI_2,MI Moderate (μ=2.0),47,MCMC,crps,0.047917,0.075690,0.633070
MI_2,MI Moderate (μ=2.0),48,MCMC,crps,0.077992,0.068430,1.139735
MI_2,MI Moderate (μ=2.0),49,MCMC,crps,0.058694,0.086012,0.682395
MI_2,MI Moderate (μ=2.0),50,MCMC,crps,0.063984,0.073376,0.872007
MI_2,MI Moderate (μ=2.0),51,MCMC,crps,0.062551,0.062845,0.995309
MI_2,MI Moderate (μ=2.0),52,MCMC,crps,0.054184,0.082362,0.657880
MI_2,MI Moderate (μ=2.0),53,MCMC,crps,0.072338,0.069232,1.044867
MI_2,MI Moderate (μ=2.0),54,MCMC,crps,0.107615,0.076971,1.398126
MI_2,MI Moderate (μ=2.0),55,MCMC,crps,0.154550,0.072032,2.145576
MI_2,MI Moderate (μ=2.0),56,MCMC,crps,0.053946,0.091726,0.588116
MI_2,MI Moderate (μ=2.0),57,MCMC,crps,0.107421,0.078766,1.363790
MI_2,MI Moderate (μ=2.0),58,MCMC,crps,0.063090,0.065887,0.957554
MI_2,MI Moderate (μ=2.0),59,MCMC,crps,0.101050,0.068080,1.484286
MI_2,MI Moderate (μ=2.0),60,MCMC,crps,0.127338,0.091881,1.385892
MI_2,MI Moderate (μ=2.0),61,MCMC,crps,0.175425,0.071044,2.469258
MI_2,MI Moderate (μ=2.0),62,MCMC,crps,0.220407,0.088226,2.498203
MI_2,MI Moderate (μ=2.0),63,MCMC,crps,0.161027,0.064558,2.494278
MI_2,MI Moderate (μ=2.0),64,MCMC,crps,0.199612,0.078351,2.547656
MI_2,MI Moderate (μ=2.0),65,MCMC,crps,0.163631,0.057705,2.835627
MI_2,MI Moderate (μ=2.0),66,MCMC,crps,0.147354,0.066209,2.225570
MI_2,MI Moderate (μ=2.0),67,MCMC,crps,0.144609,0.066014,2.190595
MI_2,MI Moderate (μ=2.0),68,MCMC,crps,0.104074,0.121292,0.858045
MI_2,MI Moderate (μ=2.0),69,MCMC,crps,0.203139,0.066396,3.059485
MI_2,MI Moderate (μ=2.0),70,MCMC,crps,0.196862,0.054274,3.627166
MI_2,MI Moderate (μ=2.0),71,MCMC,crps,0.145060,0.074905,1.936587
MI_2,MI Moderate (μ=2.0),72,MCMC,crps,0.159924,0.078420,2.039324
MI_2,MI Moderate (μ=2.0),73,MCMC,crps,0.211063,0.081465,2.590834
MI_2,MI Moderate (μ=2.0),74,MCMC,crps,0.124080,0.082565,1.502811
MI_2,MI Moderate (μ=2.0),75,MCMC,crps,0.154060,0.062055,2.482639
MI_2,MI Moderate (μ=2.0),76,MCMC,crps,0.198597,0.068817,2.885875
MI_2,MI Moderate (μ=2.0),77,MCMC,crps,0.182070,0.059138,3.078732
MI_2,MI Moderate (μ=2.0),78,MCMC,crps,0.219036,0.056593,3.870380
MI_2,MI Moderate (μ=2.0),79,MCMC,crps,0.189696,0.074362,2.550976
MI_2,MI Moderate (μ=2.0),80,MCMC,crps,0.056341,0.120996,0.465646
MI_2,MI Moderate (μ=2.0),81,MCMC,crps,0.037589,0.127021,0.295931
MI_2,MI Moderate (μ=2.0),82,MCMC,crps,0.080188,0.091173,0.879513
MI_2,MI Moderate (μ=2.0),83,MCMC,crps,0.061992,0.089377,0.693603
MI_2,MI Moderate (μ=2.0),84,MCMC,crps,0.048064,0.106628,0.450764
MI_2,MI Moderate (μ=2.0),85,MCMC,crps,0.055463,0.104909,0.528673
MI_2,MI Moderate (μ=2.0),86,MCMC,crps,0.074868,0.087517,0.855475
MI_2,MI Moderate (μ=2.0),87,MCMC,crps,0.032040,0.146970,0.218004
MI_2,MI Moderate (μ=2.0),88,MCMC,crps,0.081499,0.085072,0.957992
MI_2,MI Moderate (μ=2.0),89,MCMC,crps,0.060092,0.091368,0.657694
MI_2,MI Moderate (μ=2.0),90,MCMC,crps,0.066041,0.096681,0.683080
MI_2,MI Moderate (μ=2.0),91,MCMC,crps,0.024602,0.136613,0.180085
MI_2,MI Moderate (μ=2.0),92,MCMC,crps,0.065996,0.098082,0.672868
MI_2,MI Moderate (μ=2.0),93,MCMC,crps,0.033415,0.173812,0.192246
MI_2,MI Moderate (μ=2.0),94,MCMC,crps,0.078578,0.087361,0.899460
MI_2,MI Moderate (μ=2.0),95,MCMC,crps,0.046232,0.116750,0.395992
MI_2,MI Moderate (μ=2.0),96,MCMC,crps,0.052149,0.109898,0.474525
MI_2,MI Moderate (μ=2.0),97,MCMC,crps,0.071004,0.096425,0.736371
MI_2,MI Moderate (μ=2.0),98,MCMC,crps,0.080249,0.108690,0.738326
MI_2,MI Moderate (μ=2.0),99,MCMC,crps,0.079886,0.085775,0.931347
MI_3,MI Severe (μ=3.0),0,MCMC,crps,0.139199,0.130329,1.068060
MI_3,MI Severe (μ=3.0),1,MCMC,crps,0.132238,0.103305,1.280073
MI_3,MI Severe (μ=3.0),2,MCMC,crps,0.150395,0.100097,1.502500
MI_3,MI Severe (μ=3.0),3,MCMC,crps,0.203588,0.116090,1.753710
MI_3,MI Severe (μ=3.0),4,MCMC,crps,0.132980,0.118527,1.121943
MI_3,MI Severe (μ=3.0),5,MCMC,crps,0.170433,0.104852,1.625458
MI_3,MI Severe (μ=3.0),6,MCMC,crps,0.128399,0.116716,1.100098
MI_3,MI Severe (μ=3.0),7,MCMC,crps,0.129202,0.103910,1.243393
MI_3,MI Severe (μ=3.0),8,MCMC,crps,0.124835,0.153652,0.812453
MI_3,MI Severe (μ=3.0),9,MCMC,crps,0.128221,0.109760,1.168201
MI_3,MI Severe (μ=3.0),10,MCMC,crps,0.113521,0.113434,1.000766
MI_3,MI Severe (μ=3.0),11,MCMC,crps,0.149218,0.123673,1.206554
MI_3,MI Severe (μ=3.0),12,MCMC,crps,0.106471,0.112061,0.950115
MI_3,MI Severe (μ=3.0),13,MCMC,crps,0.159754,0.144856,1.102848
MI_3,MI Severe (μ=3.0),14,MCMC,crps,0.209202,0.137501,1.521456
MI_3,MI Severe (μ=3.0),15,MCMC,crps,0.169207,0.097172,1.741307
MI_3,MI Severe (μ=3.0),16,MCMC,crps,0.151658,0.123311,1.229883
MI_3,MI Severe (μ=3.0),17,MCMC,crps,0.109960,0.100327,1.096016
MI_3,MI Severe (μ=3.0),18,MCMC,crps,0.164538,0.113896,1.444639
MI_3,MI Severe (μ=3.0),19,MCMC,crps,0.147250,0.124165,1.185927
MI_3,MI Severe (μ=3.0),20,MCMC,crps,0.131636,0.049097,2.681144
MI_3,MI Severe (μ=3.0),21,MCMC,crps,0.149435,0.056408,2.649189
MI_3,MI Severe (μ=3.0),22,MCMC,crps,0.157280,0.067027,2.346506
MI_3,MI Severe (μ=3.0),23,MCMC,crps,0.137281,0.062334,2.202332
MI_3,MI Severe (μ=3.0),24,MCMC,crps,0.141652,0.061773,2.293118
MI_3,MI Severe (μ=3.0),25,MCMC,crps,0.124148,0.050415,2.462518
MI_3,MI Severe (μ=3.0),26,MCMC,crps,0.145570,0.064874,2.243895
MI_3,MI Severe (μ=3.0),27,MCMC,crps,0.140919,0.052334,2.692655
MI_3,MI Severe (μ=3.0),28,MCMC,crps,0.155866,0.056815,2.743380
MI_3,MI Severe (μ=3.0),29,MCMC,crps,0.149021,0.060722,2.454130
MI_3,MI Severe (μ=3.0),30,MCMC,crps,0.138496,0.057382,2.413591
MI_3,MI Severe (μ=3.0),31,MCMC,crps,0.173966,0.060213,2.889164
MI_3,MI Severe (μ=3.0),32,MCMC,crps,0.137454,0.061327,2.241327
MI_3,MI Severe (μ=3.0),33,MCMC,crps,0.156126,0.053206,2.934374
MI_3,MI Severe (μ=3.0),34,MCMC,crps,0.172871,0.051596,3.350433
MI_3,MI Severe (μ=3.0),35,MCMC,crps,0.113438,0.048304,2.348442
MI_3,MI Severe (μ=3.0),36,MCMC,crps,0.154185,0.054883,2.809358
MI_3,MI Severe (μ=3.0),37,MCMC,crps,0.159721,0.053998,2.957907
MI_3,MI Severe (μ=3.0),38,MCMC,crps,0.138866,0.053925,2.575162
MI_3,MI Severe (μ=3.0),39,MCMC,crps,0.133006,0.056724,2.344782
MI_3,MI Severe (μ=3.0),40,MCMC,crps,0.089302,0.079382,1.124962
MI_3,MI Severe (μ=3.0),41,MCMC,crps,0.110984,0.074416,1.491402
MI_3,MI Severe (μ=3.0),42,MCMC,crps,0.159181,0.070971,2.242895
MI_3,MI Severe (μ=3.0),43,MCMC,crps,0.133366,0.076122,1.752000
MI_3,MI Severe (μ=3.0),44,MCMC,crps,0.107355,0.074749,1.436215
MI_3,MI Severe (μ=3.0),45,MCMC,crps,0.111309,0.072648,1.532174
MI_3,MI Severe (μ=3.0),46,MCMC,crps,0.112921,0.072136,1.565403
MI_3,MI Severe (μ=3.0),47,MCMC,crps,0.108532,0.063504,1.709061
MI_3,MI Severe (μ=3.0),48,MCMC,crps,0.108776,0.073124,1.487555
MI_3,MI Severe (μ=3.0),49,MCMC,crps,0.125756,0.072461,1.735492
MI_3,MI Severe (μ=3.0),50,MCMC,crps,0.101515,0.063705,1.593506
MI_3,MI Severe (μ=3.0),51,MCMC,crps,0.106332,0.065772,1.616666
MI_3,MI Severe (μ=3.0),52,MCMC,crps,0.117633,0.074134,1.586757
MI_3,MI Severe (μ=3.0),53,MCMC,crps,0.116548,0.078899,1.477186
MI_3,MI Severe (μ=3.0),54,MCMC,crps,0.099481,0.067186,1.480678
MI_3,MI Severe (μ=3.0),55,MCMC,crps,0.111299,0.068871,1.616056
MI_3,MI Severe (μ=3.0),56,MCMC,crps,0.113963,0.075876,1.501971
MI_3,MI Severe (μ=3.0),57,MCMC,crps,0.100200,0.071660,1.398276
MI_3,MI Severe (μ=3.0),58,MCMC,crps,0.089164,0.079843,1.116748
MI_3,MI Severe (μ=3.0),59,MCMC,crps,0.113864,0.067613,1.684041
MI_3,MI Severe (μ=3.0),60,MCMC,crps,0.198862,0.052494,3.788237
MI_3,MI Severe (μ=3.0),61,MCMC,crps,0.254233,0.047563,5.345172
MI_3,MI Severe (μ=3.0),62,MCMC,crps,0.237149,0.051393,4.614429
MI_3,MI Severe (μ=3.0),63,MCMC,crps,0.180117,0.048614,3.705079
MI_3,MI Severe (μ=3.0),64,MCMC,crps,0.202557,0.049939,4.056076
MI_3,MI Severe (μ=3.0),65,MCMC,crps,0.182717,0.056583,3.229161
MI_3,MI Severe (μ=3.0),66,MCMC,crps,0.271122,0.051471,5.267465
MI_3,MI Severe (μ=3.0),67,MCMC,crps,0.212853,0.054019,3.940347
MI_3,MI Severe (μ=3.0),68,MCMC,crps,0.213472,0.058496,3.649348
MI_3,MI Severe (μ=3.0),69,MCMC,crps,0.187070,0.048359,3.868356
MI_3,MI Severe (μ=3.0),70,MCMC,crps,0.198408,0.050498,3.929026
MI_3,MI Severe (μ=3.0),71,MCMC,crps,0.207432,0.058244,3.561453
MI_3,MI Severe (μ=3.0),72,MCMC,crps,0.240500,0.049244,4.883884
MI_3,MI Severe (μ=3.0),73,MCMC,crps,0.174447,0.045158,3.863059
MI_3,MI Severe (μ=3.0),74,MCMC,crps,0.205678,0.054947,3.743224
MI_3,MI Severe (μ=3.0),75,MCMC,crps,0.227860,0.063977,3.561582
MI_3,MI Severe (μ=3.0),76,MCMC,crps,0.189831,0.062543,3.035222
MI_3,MI Severe (μ=3.0),77,MCMC,crps,0.215760,0.053949,3.999325
MI_3,MI Severe (μ=3.0),78,MCMC,crps,0.183281,0.050435,3.634015
MI_3,MI Severe (μ=3.0),79,MCMC,crps,0.182817,0.055985,3.265430
MI_3,MI Severe (μ=3.0),80,MCMC,crps,0.072444,0.100931,0.717759
MI_3,MI Severe (μ=3.0),81,MCMC,crps,0.080516,0.076061,1.058565
MI_3,MI Severe (μ=3.0),82,MCMC,crps,0.072579,0.086909,0.835116
MI_3,MI Severe (μ=3.0),83,MCMC,crps,0.076139,0.078157,0.974183
MI_3,MI Severe (μ=3.0),84,MCMC,crps,0.083091,0.095985,0.865673
MI_3,MI Severe (μ=3.0),85,MCMC,crps,0.081310,0.071119,1.143301
MI_3,MI Severe (μ=3.0),86,MCMC,crps,0.089686,0.084911,1.056234
MI_3,MI Severe (μ=3.0),87,MCMC,crps,0.083322,0.110025,0.757297
MI_3,MI Severe (μ=3.0),88,MCMC,crps,0.112858,0.121765,0.926853
MI_3,MI Severe (μ=3.0),89,MCMC,crps,0.098526,0.104869,0.939512
MI_3,MI Severe (μ=3.0),90,MCMC,crps,0.085191,0.090452,0.941839
MI_3,MI Severe (μ=3.0),91,MCMC,crps,0.083557,0.083306,1.003017
MI_3,MI Severe (μ=3.0),92,MCMC,crps,0.083805,0.076005,1.102627
MI_3,MI Severe (μ=3.0),93,MCMC,crps,0.090074,0.085275,1.056280
MI_3,MI Severe (μ=3.0),94,MCMC,crps,0.078150,0.077532,1.007971
MI_3,MI Severe (μ=3.0),95,MCMC,crps,0.079046,0.081190,0.973597
MI_3,MI Severe (μ=3.0),96,MCMC,crps,0.114786,0.106271,1.080121
MI_3,MI Severe (μ=3.0),97,MCMC,crps,0.080305,0.080288,1.000213
MI_3,MI Severe (μ=3.0),98,MCMC,crps,0.099020,0.094142,1.051814
MI_3,MI Severe (μ=3.0),99,MCMC,crps,0.100103,0.091568,1.093211
