scenario,scenario_display,sample_idx,target_region,target_region_idx,inferred_region,inferred_region_idx,region_role,method,mse,mae,crps,interval_score,ci_width,coverage,median_mse
MI_2,MI Moderate (μ=2.0),0,Anterior,0,Anterior,0,Diseased,MCMC,0.001806,,0.070917,0.917318,0.917318,1.000000,0.001806
MI_2,MI Moderate (μ=2.0),0,Anterior,0,Inferior,1,Non-diseased,MCMC,0.164871,,0.237909,1.017470,1.017470,1.000000,0.164871
MI_2,MI Moderate (μ=2.0),0,Anterior,0,Lateral,2,Non-diseased,MCMC,0.001325,,0.037118,0.468483,0.468483,1.000000,0.001325
MI_2,MI Moderate (μ=2.0),0,Anterior,0,Septal,3,Non-diseased,MCMC,0.012182,,0.079813,0.846291,0.846291,1.000000,0.012182
MI_2,MI Moderate (μ=2.0),0,Anterior,0,Apical,4,Non-diseased,MCMC,0.005482,,0.045801,0.323760,0.323760,1.000000,0.005482
MI_2,MI Moderate (μ=2.0),1,Anterior,0,Anterior,0,Diseased,MCMC,0.008130,,0.119167,1.468849,1.468849,1.000000,0.008130
MI_2,MI Moderate (μ=2.0),1,Anterior,0,Inferior,1,Non-diseased,MCMC,0.222169,,0.314690,1.858991,0.801022,0.000000,0.222169
MI_2,MI Moderate (μ=2.0),1,Anterior,0,Lateral,2,Non-diseased,MCMC,0.000149,,0.033224,0.474501,0.474501,1.000000,0.000149
MI_2,MI Moderate (μ=2.0),1,Anterior,0,Septal,3,Non-diseased,MCMC,0.018035,,0.098661,1.037109,1.037109,1.000000,0.018035
MI_2,MI Moderate (μ=2.0),1,Anterior,0,Apical,4,Non-diseased,MCMC,0.004668,,0.041590,0.319418,0.319418,1.000000,0.004668
MI_2,MI Moderate (μ=2.0),2,Anterior,0,Anterior,0,Diseased,MCMC,0.004877,,0.093582,1.145742,1.145742,1.000000,0.004877
MI_2,MI Moderate (μ=2.0),2,Anterior,0,Inferior,1,Non-diseased,MCMC,0.199083,,0.272786,1.094404,1.094404,1.000000,0.199083
MI_2,MI Moderate (μ=2.0),2,Anterior,0,Lateral,2,Non-diseased,MCMC,0.000476,,0.038738,0.530313,0.530313,1.000000,0.000476
MI_2,MI Moderate (μ=2.0),2,Anterior,0,Septal,3,Non-diseased,MCMC,0.027621,,0.106916,0.893954,0.893954,1.000000,0.027621
MI_2,MI Moderate (μ=2.0),2,Anterior,0,Apical,4,Non-diseased,MCMC,0.003254,,0.035309,0.310979,0.310979,1.000000,0.003254
MI_2,MI Moderate (μ=2.0),3,Anterior,0,Anterior,0,Diseased,MCMC,0.007323,,0.088824,1.026660,1.026660,1.000000,0.007323
MI_2,MI Moderate (μ=2.0),3,Anterior,0,Inferior,1,Non-diseased,MCMC,0.325323,,0.383199,2.298970,0.913346,0.000000,0.325323
MI_2,MI Moderate (μ=2.0),3,Anterior,0,Lateral,2,Non-diseased,MCMC,0.002361,,0.040037,0.450407,0.450407,1.000000,0.002361
MI_2,MI Moderate (μ=2.0),3,Anterior,0,Septal,3,Non-diseased,MCMC,0.051551,,0.140391,0.844329,0.844329,1.000000,0.051551
MI_2,MI Moderate (μ=2.0),3,Anterior,0,Apical,4,Non-diseased,MCMC,0.010791,,0.060548,0.416965,0.416965,1.000000,0.010791
MI_2,MI Moderate (μ=2.0),4,Anterior,0,Anterior,0,Diseased,MCMC,0.001050,,0.107152,1.374416,1.374416,1.000000,0.001050
MI_2,MI Moderate (μ=2.0),4,Anterior,0,Inferior,1,Non-diseased,MCMC,0.248609,,0.332876,1.456929,0.885056,0.500000,0.248609
MI_2,MI Moderate (μ=2.0),4,Anterior,0,Lateral,2,Non-diseased,MCMC,0.000949,,0.035158,0.462111,0.462111,1.000000,0.000949
MI_2,MI Moderate (μ=2.0),4,Anterior,0,Septal,3,Non-diseased,MCMC,0.011029,,0.076244,0.853656,0.853656,1.000000,0.011029
MI_2,MI Moderate (μ=2.0),4,Anterior,0,Apical,4,Non-diseased,MCMC,0.005266,,0.044420,0.342278,0.342278,1.000000,0.005266
MI_2,MI Moderate (μ=2.0),5,Anterior,0,Anterior,0,Diseased,MCMC,0.008072,,0.078854,0.881331,0.881331,1.000000,0.008072
MI_2,MI Moderate (μ=2.0),5,Anterior,0,Inferior,1,Non-diseased,MCMC,0.300406,,0.395665,3.155427,0.791030,0.000000,0.300406
MI_2,MI Moderate (μ=2.0),5,Anterior,0,Lateral,2,Non-diseased,MCMC,0.003851,,0.041198,0.414526,0.414526,1.000000,0.003851
MI_2,MI Moderate (μ=2.0),5,Anterior,0,Septal,3,Non-diseased,MCMC,0.047352,,0.130573,0.805819,0.805819,1.000000,0.047352
MI_2,MI Moderate (μ=2.0),5,Anterior,0,Apical,4,Non-diseased,MCMC,0.006097,,0.046623,0.315845,0.315845,1.000000,0.006097
MI_2,MI Moderate (μ=2.0),6,Anterior,0,Anterior,0,Diseased,MCMC,0.011407,,0.070605,0.676087,0.676087,1.000000,0.011407
MI_2,MI Moderate (μ=2.0),6,Anterior,0,Inferior,1,Non-diseased,MCMC,0.294752,,0.362634,2.221595,0.890819,0.000000,0.294752
MI_2,MI Moderate (μ=2.0),6,Anterior,0,Lateral,2,Non-diseased,MCMC,0.010820,,0.059901,0.425153,0.425153,1.000000,0.010820
MI_2,MI Moderate (μ=2.0),6,Anterior,0,Septal,3,Non-diseased,MCMC,0.043358,,0.125180,0.870358,0.870358,1.000000,0.043358
MI_2,MI Moderate (μ=2.0),6,Anterior,0,Apical,4,Non-diseased,MCMC,0.001819,,0.032005,0.374161,0.374161,1.000000,0.001819
MI_2,MI Moderate (μ=2.0),7,Anterior,0,Anterior,0,Diseased,MCMC,0.000554,,0.080232,1.091773,1.091773,1.000000,0.000554
MI_2,MI Moderate (μ=2.0),7,Anterior,0,Inferior,1,Non-diseased,MCMC,0.159224,,0.234776,1.081649,1.081649,1.000000,0.159224
MI_2,MI Moderate (μ=2.0),7,Anterior,0,Lateral,2,Non-diseased,MCMC,0.000986,,0.037631,0.525242,0.525242,1.000000,0.000986
MI_2,MI Moderate (μ=2.0),7,Anterior,0,Septal,3,Non-diseased,MCMC,0.007902,,0.073101,0.872730,0.872730,1.000000,0.007902
MI_2,MI Moderate (μ=2.0),7,Anterior,0,Apical,4,Non-diseased,MCMC,0.001338,,0.032874,0.407186,0.407186,1.000000,0.001338
MI_2,MI Moderate (μ=2.0),8,Anterior,0,Anterior,0,Diseased,MCMC,0.002193,,0.095023,1.257047,1.257047,1.000000,0.002193
MI_2,MI Moderate (μ=2.0),8,Anterior,0,Inferior,1,Non-diseased,MCMC,0.225673,,0.306877,0.948453,0.948453,1.000000,0.225673
MI_2,MI Moderate (μ=2.0),8,Anterior,0,Lateral,2,Non-diseased,MCMC,0.000303,,0.033879,0.461285,0.461285,1.000000,0.000303
MI_2,MI Moderate (μ=2.0),8,Anterior,0,Septal,3,Non-diseased,MCMC,0.024929,,0.106359,0.899401,0.899401,1.000000,0.024929
MI_2,MI Moderate (μ=2.0),8,Anterior,0,Apical,4,Non-diseased,MCMC,0.003493,,0.039559,0.419119,0.419119,1.000000,0.003493
MI_2,MI Moderate (μ=2.0),9,Anterior,0,Anterior,0,Diseased,MCMC,0.001391,,0.111747,1.459540,1.459540,1.000000,0.001391
MI_2,MI Moderate (μ=2.0),9,Anterior,0,Inferior,1,Non-diseased,MCMC,0.240081,,0.336539,1.879156,0.863252,0.000000,0.240081
MI_2,MI Moderate (μ=2.0),9,Anterior,0,Lateral,2,Non-diseased,MCMC,0.000292,,0.036055,0.503397,0.503397,1.000000,0.000292
MI_2,MI Moderate (μ=2.0),9,Anterior,0,Septal,3,Non-diseased,MCMC,0.005973,,0.073638,0.872113,0.872113,1.000000,0.005973
MI_2,MI Moderate (μ=2.0),9,Anterior,0,Apical,4,Non-diseased,MCMC,0.007985,,0.054586,0.321801,0.321801,1.000000,0.007985
MI_2,MI Moderate (μ=2.0),10,Anterior,0,Anterior,0,Diseased,MCMC,0.006546,,0.090598,1.090334,1.090334,1.000000,0.006546
MI_2,MI Moderate (μ=2.0),10,Anterior,0,Inferior,1,Non-diseased,MCMC,0.148019,,0.226368,1.090619,1.090619,1.000000,0.148019
MI_2,MI Moderate (μ=2.0),10,Anterior,0,Lateral,2,Non-diseased,MCMC,0.000437,,0.037158,0.479682,0.479682,1.000000,0.000437
MI_2,MI Moderate (μ=2.0),10,Anterior,0,Septal,3,Non-diseased,MCMC,0.033519,,0.114527,0.934799,0.934799,1.000000,0.033519
MI_2,MI Moderate (μ=2.0),10,Anterior,0,Apical,4,Non-diseased,MCMC,0.001291,,0.031812,0.411937,0.411937,1.000000,0.001291
MI_2,MI Moderate (μ=2.0),11,Anterior,0,Anterior,0,Diseased,MCMC,0.002750,,0.095876,1.145628,1.145628,1.000000,0.002750
MI_2,MI Moderate (μ=2.0),11,Anterior,0,Inferior,1,Non-diseased,MCMC,0.298958,,0.377957,2.901668,0.828448,0.000000,0.298958
MI_2,MI Moderate (μ=2.0),11,Anterior,0,Lateral,2,Non-diseased,MCMC,0.000971,,0.033800,0.430780,0.430780,1.000000,0.000971
MI_2,MI Moderate (μ=2.0),11,Anterior,0,Septal,3,Non-diseased,MCMC,0.033214,,0.113578,0.897044,0.897044,1.000000,0.033214
MI_2,MI Moderate (μ=2.0),11,Anterior,0,Apical,4,Non-diseased,MCMC,0.009048,,0.058626,0.313168,0.313168,1.000000,0.009048
MI_2,MI Moderate (μ=2.0),12,Anterior,0,Anterior,0,Diseased,MCMC,0.000077,,0.082587,1.094352,1.094352,1.000000,0.000077
MI_2,MI Moderate (μ=2.0),12,Anterior,0,Inferior,1,Non-diseased,MCMC,0.246525,,0.340068,1.834967,0.869795,0.000000,0.246525
MI_2,MI Moderate (μ=2.0),12,Anterior,0,Lateral,2,Non-diseased,MCMC,0.000808,,0.034401,0.438286,0.438286,1.000000,0.000808
MI_2,MI Moderate (μ=2.0),12,Anterior,0,Septal,3,Non-diseased,MCMC,0.019883,,0.094143,0.835832,0.835832,1.000000,0.019883
MI_2,MI Moderate (μ=2.0),12,Anterior,0,Apical,4,Non-diseased,MCMC,0.009616,,0.060199,0.332940,0.332940,1.000000,0.009616
MI_2,MI Moderate (μ=2.0),13,Anterior,0,Anterior,0,Diseased,MCMC,0.012970,,0.107020,1.221939,1.221939,1.000000,0.012970
MI_2,MI Moderate (μ=2.0),13,Anterior,0,Inferior,1,Non-diseased,MCMC,0.244161,,0.318811,1.241799,0.942638,0.500000,0.244161
MI_2,MI Moderate (μ=2.0),13,Anterior,0,Lateral,2,Non-diseased,MCMC,0.000562,,0.036902,0.503590,0.503590,1.000000,0.000562
MI_2,MI Moderate (μ=2.0),13,Anterior,0,Septal,3,Non-diseased,MCMC,0.042507,,0.129436,1.005107,1.005107,1.000000,0.042507
MI_2,MI Moderate (μ=2.0),13,Anterior,0,Apical,4,Non-diseased,MCMC,0.005936,,0.046121,0.382669,0.382669,1.000000,0.005936
MI_2,MI Moderate (μ=2.0),14,Anterior,0,Anterior,0,Diseased,MCMC,0.005525,,0.098474,1.149334,1.149334,1.000000,0.005525
MI_2,MI Moderate (μ=2.0),14,Anterior,0,Inferior,1,Non-diseased,MCMC,0.187008,,0.269871,1.026747,1.026747,1.000000,0.187008
MI_2,MI Moderate (μ=2.0),14,Anterior,0,Lateral,2,Non-diseased,MCMC,0.000679,,0.036659,0.493734,0.493734,1.000000,0.000679
MI_2,MI Moderate (μ=2.0),14,Anterior,0,Septal,3,Non-diseased,MCMC,0.028992,,0.111638,0.909235,0.909235,1.000000,0.028992
MI_2,MI Moderate (μ=2.0),14,Anterior,0,Apical,4,Non-diseased,MCMC,0.000318,,0.030189,0.420607,0.420607,1.000000,0.000318
MI_2,MI Moderate (μ=2.0),15,Anterior,0,Anterior,0,Diseased,MCMC,0.000732,,0.096711,1.253985,1.253985,1.000000,0.000732
MI_2,MI Moderate (μ=2.0),15,Anterior,0,Inferior,1,Non-diseased,MCMC,0.260623,,0.335059,0.921904,0.921904,1.000000,0.260623
MI_2,MI Moderate (μ=2.0),15,Anterior,0,Lateral,2,Non-diseased,MCMC,0.000637,,0.037403,0.513127,0.513127,1.000000,0.000637
MI_2,MI Moderate (μ=2.0),15,Anterior,0,Septal,3,Non-diseased,MCMC,0.020296,,0.094100,0.844360,0.844360,1.000000,0.020296
MI_2,MI Moderate (μ=2.0),15,Anterior,0,Apical,4,Non-diseased,MCMC,0.006186,,0.047405,0.348812,0.348812,1.000000,0.006186
MI_2,MI Moderate (μ=2.0),16,Anterior,0,Anterior,0,Diseased,MCMC,0.007087,,0.073025,0.893357,0.893357,1.000000,0.007087
MI_2,MI Moderate (μ=2.0),16,Anterior,0,Inferior,1,Non-diseased,MCMC,0.274700,,0.338575,1.009477,1.009477,1.000000,0.274700
MI_2,MI Moderate (μ=2.0),16,Anterior,0,Lateral,2,Non-diseased,MCMC,0.001290,,0.034718,0.427949,0.427949,1.000000,0.001290
MI_2,MI Moderate (μ=2.0),16,Anterior,0,Septal,3,Non-diseased,MCMC,0.068880,,0.154407,0.825853,0.825853,1.000000,0.068880
MI_2,MI Moderate (μ=2.0),16,Anterior,0,Apical,4,Non-diseased,MCMC,0.004596,,0.041011,0.355675,0.355675,1.000000,0.004596
MI_2,MI Moderate (μ=2.0),17,Anterior,0,Anterior,0,Diseased,MCMC,0.002868,,0.101319,1.248887,1.248887,1.000000,0.002868
MI_2,MI Moderate (μ=2.0),17,Anterior,0,Inferior,1,Non-diseased,MCMC,0.162029,,0.244450,1.026735,1.026735,1.000000,0.162029
MI_2,MI Moderate (μ=2.0),17,Anterior,0,Lateral,2,Non-diseased,MCMC,0.000378,,0.035407,0.503088,0.503088,1.000000,0.000378
MI_2,MI Moderate (μ=2.0),17,Anterior,0,Septal,3,Non-diseased,MCMC,0.016577,,0.093356,0.945813,0.945813,1.000000,0.016577
MI_2,MI Moderate (μ=2.0),17,Anterior,0,Apical,4,Non-diseased,MCMC,0.000417,,0.028230,0.397755,0.397755,1.000000,0.000417
MI_2,MI Moderate (μ=2.0),18,Anterior,0,Anterior,0,Diseased,MCMC,0.005937,,0.095531,1.190196,1.190196,1.000000,0.005937
MI_2,MI Moderate (μ=2.0),18,Anterior,0,Inferior,1,Non-diseased,MCMC,0.333791,,0.393546,2.607174,0.910411,0.000000,0.333791
MI_2,MI Moderate (μ=2.0),18,Anterior,0,Lateral,2,Non-diseased,MCMC,0.001618,,0.036857,0.457047,0.457047,1.000000,0.001618
MI_2,MI Moderate (μ=2.0),18,Anterior,0,Septal,3,Non-diseased,MCMC,0.031910,,0.108967,0.801297,0.801297,1.000000,0.031910
MI_2,MI Moderate (μ=2.0),18,Anterior,0,Apical,4,Non-diseased,MCMC,0.010304,,0.062475,0.307698,0.307698,1.000000,0.010304
MI_2,MI Moderate (μ=2.0),19,Anterior,0,Anterior,0,Diseased,MCMC,0.002238,,0.065566,0.864813,0.864813,1.000000,0.002238
MI_2,MI Moderate (μ=2.0),19,Anterior,0,Inferior,1,Non-diseased,MCMC,0.254236,,0.325427,0.899035,0.899035,1.000000,0.254236
MI_2,MI Moderate (μ=2.0),19,Anterior,0,Lateral,2,Non-diseased,MCMC,0.002780,,0.039088,0.420970,0.420970,1.000000,0.002780
MI_2,MI Moderate (μ=2.0),19,Anterior,0,Septal,3,Non-diseased,MCMC,0.026561,,0.102884,0.849248,0.849248,1.000000,0.026561
MI_2,MI Moderate (μ=2.0),19,Anterior,0,Apical,4,Non-diseased,MCMC,0.004809,,0.043986,0.403154,0.403154,1.000000,0.004809
MI_2,MI Moderate (μ=2.0),20,Inferior,1,Anterior,0,Non-diseased,MCMC,0.001896,,0.047575,0.587659,0.587659,1.000000,0.001896
MI_2,MI Moderate (μ=2.0),20,Inferior,1,Inferior,1,Diseased,MCMC,0.014842,,0.133489,1.589948,1.589948,1.000000,0.014842
MI_2,MI Moderate (μ=2.0),20,Inferior,1,Lateral,2,Non-diseased,MCMC,0.003611,,0.039300,0.386400,0.386400,1.000000,0.003611
MI_2,MI Moderate (μ=2.0),20,Inferior,1,Septal,3,Non-diseased,MCMC,0.013310,,0.075356,0.726741,0.726741,1.000000,0.013310
MI_2,MI Moderate (μ=2.0),20,Inferior,1,Apical,4,Non-diseased,MCMC,0.004461,,0.042053,0.404926,0.404926,1.000000,0.004461
MI_2,MI Moderate (μ=2.0),21,Inferior,1,Anterior,0,Non-diseased,MCMC,0.008910,,0.063270,0.600801,0.600801,1.000000,0.008910
MI_2,MI Moderate (μ=2.0),21,Inferior,1,Inferior,1,Diseased,MCMC,0.002684,,0.132288,2.021695,2.021695,1.000000,0.002684
MI_2,MI Moderate (μ=2.0),21,Inferior,1,Lateral,2,Non-diseased,MCMC,0.000232,,0.032764,0.447632,0.447632,1.000000,0.000232
MI_2,MI Moderate (μ=2.0),21,Inferior,1,Septal,3,Non-diseased,MCMC,0.021175,,0.089039,0.749536,0.749536,1.000000,0.021175
MI_2,MI Moderate (μ=2.0),21,Inferior,1,Apical,4,Non-diseased,MCMC,0.003298,,0.038382,0.432189,0.432189,1.000000,0.003298
MI_2,MI Moderate (μ=2.0),22,Inferior,1,Anterior,0,Non-diseased,MCMC,0.003116,,0.049875,0.589125,0.589125,1.000000,0.003116
MI_2,MI Moderate (μ=2.0),22,Inferior,1,Inferior,1,Diseased,MCMC,0.005305,,0.107364,1.290936,1.290936,1.000000,0.005305
MI_2,MI Moderate (μ=2.0),22,Inferior,1,Lateral,2,Non-diseased,MCMC,0.000706,,0.032267,0.430713,0.430713,1.000000,0.000706
MI_2,MI Moderate (μ=2.0),22,Inferior,1,Septal,3,Non-diseased,MCMC,0.017746,,0.080840,0.699873,0.699873,1.000000,0.017746
MI_2,MI Moderate (μ=2.0),22,Inferior,1,Apical,4,Non-diseased,MCMC,0.000348,,0.029666,0.420788,0.420788,1.000000,0.000348
MI_2,MI Moderate (μ=2.0),23,Inferior,1,Anterior,0,Non-diseased,MCMC,0.007193,,0.056898,0.619251,0.619251,1.000000,0.007193
MI_2,MI Moderate (μ=2.0),23,Inferior,1,Inferior,1,Diseased,MCMC,0.037427,,0.145574,1.621248,1.621248,1.000000,0.037427
MI_2,MI Moderate (μ=2.0),23,Inferior,1,Lateral,2,Non-diseased,MCMC,0.001806,,0.033682,0.392781,0.392781,1.000000,0.001806
MI_2,MI Moderate (μ=2.0),23,Inferior,1,Septal,3,Non-diseased,MCMC,0.026511,,0.098811,0.746425,0.746425,1.000000,0.026511
MI_2,MI Moderate (μ=2.0),23,Inferior,1,Apical,4,Non-diseased,MCMC,0.006224,,0.047457,0.393688,0.393688,1.000000,0.006224
MI_2,MI Moderate (μ=2.0),24,Inferior,1,Anterior,0,Non-diseased,MCMC,0.004185,,0.050747,0.566865,0.566865,1.000000,0.004185
MI_2,MI Moderate (μ=2.0),24,Inferior,1,Inferior,1,Diseased,MCMC,0.002853,,0.118346,1.693782,1.693782,1.000000,0.002853
MI_2,MI Moderate (μ=2.0),24,Inferior,1,Lateral,2,Non-diseased,MCMC,0.000875,,0.029379,0.365657,0.365657,1.000000,0.000875
MI_2,MI Moderate (μ=2.0),24,Inferior,1,Septal,3,Non-diseased,MCMC,0.007592,,0.069559,0.812040,0.812040,1.000000,0.007592
MI_2,MI Moderate (μ=2.0),24,Inferior,1,Apical,4,Non-diseased,MCMC,0.005300,,0.045317,0.430976,0.430976,1.000000,0.005300
MI_2,MI Moderate (μ=2.0),25,Inferior,1,Anterior,0,Non-diseased,MCMC,0.004126,,0.051307,0.596273,0.596273,1.000000,0.004126
MI_2,MI Moderate (μ=2.0),25,Inferior,1,Inferior,1,Diseased,MCMC,0.000771,,0.116624,1.710785,1.710785,1.000000,0.000771
MI_2,MI Moderate (μ=2.0),25,Inferior,1,Lateral,2,Non-diseased,MCMC,0.000992,,0.030523,0.382594,0.382594,1.000000,0.000992
MI_2,MI Moderate (μ=2.0),25,Inferior,1,Septal,3,Non-diseased,MCMC,0.011069,,0.072483,0.717350,0.717350,1.000000,0.011069
MI_2,MI Moderate (μ=2.0),25,Inferior,1,Apical,4,Non-diseased,MCMC,0.005592,,0.044269,0.339058,0.339058,1.000000,0.005592
MI_2,MI Moderate (μ=2.0),26,Inferior,1,Anterior,0,Non-diseased,MCMC,0.004395,,0.052541,0.609548,0.609548,1.000000,0.004395
MI_2,MI Moderate (μ=2.0),26,Inferior,1,Inferior,1,Diseased,MCMC,0.018591,,0.157843,1.844612,1.844612,1.000000,0.018591
MI_2,MI Moderate (μ=2.0),26,Inferior,1,Lateral,2,Non-diseased,MCMC,0.001904,,0.034537,0.398514,0.398514,1.000000,0.001904
MI_2,MI Moderate (μ=2.0),26,Inferior,1,Septal,3,Non-diseased,MCMC,0.025009,,0.092637,0.680777,0.680777,1.000000,0.025009
MI_2,MI Moderate (μ=2.0),26,Inferior,1,Apical,4,Non-diseased,MCMC,0.010574,,0.063194,0.374446,0.374446,1.000000,0.010574
MI_2,MI Moderate (μ=2.0),27,Inferior,1,Anterior,0,Non-diseased,MCMC,0.002795,,0.049938,0.603510,0.603510,1.000000,0.002795
MI_2,MI Moderate (μ=2.0),27,Inferior,1,Inferior,1,Diseased,MCMC,0.003859,,0.117745,1.691986,1.691986,1.000000,0.003859
MI_2,MI Moderate (μ=2.0),27,Inferior,1,Lateral,2,Non-diseased,MCMC,0.001912,,0.033110,0.384305,0.384305,1.000000,0.001912
MI_2,MI Moderate (μ=2.0),27,Inferior,1,Septal,3,Non-diseased,MCMC,0.017267,,0.080785,0.715100,0.715100,1.000000,0.017267
MI_2,MI Moderate (μ=2.0),27,Inferior,1,Apical,4,Non-diseased,MCMC,0.004850,,0.041989,0.352070,0.352070,1.000000,0.004850
MI_2,MI Moderate (μ=2.0),28,Inferior,1,Anterior,0,Non-diseased,MCMC,0.003468,,0.050652,0.592221,0.592221,1.000000,0.003468
MI_2,MI Moderate (μ=2.0),28,Inferior,1,Inferior,1,Diseased,MCMC,0.000728,,0.127033,1.906914,1.906914,1.000000,0.000728
MI_2,MI Moderate (μ=2.0),28,Inferior,1,Lateral,2,Non-diseased,MCMC,0.001392,,0.032388,0.397075,0.397075,1.000000,0.001392
MI_2,MI Moderate (μ=2.0),28,Inferior,1,Septal,3,Non-diseased,MCMC,0.008692,,0.066608,0.742855,0.742855,1.000000,0.008692
MI_2,MI Moderate (μ=2.0),28,Inferior,1,Apical,4,Non-diseased,MCMC,0.002409,,0.034942,0.382820,0.382820,1.000000,0.002409
MI_2,MI Moderate (μ=2.0),29,Inferior,1,Anterior,0,Non-diseased,MCMC,0.006942,,0.054574,0.521450,0.521450,1.000000,0.006942
MI_2,MI Moderate (μ=2.0),29,Inferior,1,Inferior,1,Diseased,MCMC,0.003081,,0.124182,1.738072,1.738072,1.000000,0.003081
MI_2,MI Moderate (μ=2.0),29,Inferior,1,Lateral,2,Non-diseased,MCMC,0.002547,,0.034717,0.369592,0.369592,1.000000,0.002547
MI_2,MI Moderate (μ=2.0),29,Inferior,1,Septal,3,Non-diseased,MCMC,0.017389,,0.082061,0.694430,0.694430,1.000000,0.017389
MI_2,MI Moderate (μ=2.0),29,Inferior,1,Apical,4,Non-diseased,MCMC,0.000958,,0.031638,0.410692,0.410692,1.000000,0.000958
MI_2,MI Moderate (μ=2.0),30,Inferior,1,Anterior,0,Non-diseased,MCMC,0.004177,,0.050525,0.560666,0.560666,1.000000,0.004177
MI_2,MI Moderate (μ=2.0),30,Inferior,1,Inferior,1,Diseased,MCMC,0.002315,,0.131468,1.786994,1.786994,1.000000,0.002315
MI_2,MI Moderate (μ=2.0),30,Inferior,1,Lateral,2,Non-diseased,MCMC,0.002386,,0.037660,0.415079,0.415079,1.000000,0.002386
MI_2,MI Moderate (μ=2.0),30,Inferior,1,Septal,3,Non-diseased,MCMC,0.012569,,0.074559,0.732523,0.732523,1.000000,0.012569
MI_2,MI Moderate (μ=2.0),30,Inferior,1,Apical,4,Non-diseased,MCMC,0.003989,,0.040648,0.384085,0.384085,1.000000,0.003989
MI_2,MI Moderate (μ=2.0),31,Inferior,1,Anterior,0,Non-diseased,MCMC,0.002023,,0.050504,0.636229,0.636229,1.000000,0.002023
MI_2,MI Moderate (μ=2.0),31,Inferior,1,Inferior,1,Diseased,MCMC,0.002143,,0.116957,1.476243,1.476243,1.000000,0.002143
MI_2,MI Moderate (μ=2.0),31,Inferior,1,Lateral,2,Non-diseased,MCMC,0.000880,,0.029657,0.377172,0.377172,1.000000,0.000880
MI_2,MI Moderate (μ=2.0),31,Inferior,1,Septal,3,Non-diseased,MCMC,0.009363,,0.066656,0.701674,0.701674,1.000000,0.009363
MI_2,MI Moderate (μ=2.0),31,Inferior,1,Apical,4,Non-diseased,MCMC,0.002558,,0.036195,0.404061,0.404061,1.000000,0.002558
MI_2,MI Moderate (μ=2.0),32,Inferior,1,Anterior,0,Non-diseased,MCMC,0.005262,,0.053884,0.581452,0.581452,1.000000,0.005262
MI_2,MI Moderate (μ=2.0),32,Inferior,1,Inferior,1,Diseased,MCMC,0.000728,,0.102931,1.405989,1.405989,1.000000,0.000728
MI_2,MI Moderate (μ=2.0),32,Inferior,1,Lateral,2,Non-diseased,MCMC,0.000322,,0.031349,0.425714,0.425714,1.000000,0.000322
MI_2,MI Moderate (μ=2.0),32,Inferior,1,Septal,3,Non-diseased,MCMC,0.010828,,0.075157,0.810740,0.810740,1.000000,0.010828
MI_2,MI Moderate (μ=2.0),32,Inferior,1,Apical,4,Non-diseased,MCMC,0.000187,,0.030088,0.414053,0.414053,1.000000,0.000187
MI_2,MI Moderate (μ=2.0),33,Inferior,1,Anterior,0,Non-diseased,MCMC,0.003983,,0.052561,0.634132,0.634132,1.000000,0.003983
MI_2,MI Moderate (μ=2.0),33,Inferior,1,Inferior,1,Diseased,MCMC,0.001192,,0.113965,1.713552,1.713552,1.000000,0.001192
MI_2,MI Moderate (μ=2.0),33,Inferior,1,Lateral,2,Non-diseased,MCMC,0.001177,,0.031923,0.386916,0.386916,1.000000,0.001177
MI_2,MI Moderate (μ=2.0),33,Inferior,1,Septal,3,Non-diseased,MCMC,0.012890,,0.073880,0.676476,0.676476,1.000000,0.012890
MI_2,MI Moderate (μ=2.0),33,Inferior,1,Apical,4,Non-diseased,MCMC,0.003573,,0.037828,0.358206,0.358206,1.000000,0.003573
MI_2,MI Moderate (μ=2.0),34,Inferior,1,Anterior,0,Non-diseased,MCMC,0.003492,,0.054078,0.656586,0.656586,1.000000,0.003492
MI_2,MI Moderate (μ=2.0),34,Inferior,1,Inferior,1,Diseased,MCMC,0.019739,,0.124187,1.447029,1.447029,1.000000,0.019739
MI_2,MI Moderate (μ=2.0),34,Inferior,1,Lateral,2,Non-diseased,MCMC,0.002084,,0.038250,0.420357,0.420357,1.000000,0.002084
MI_2,MI Moderate (μ=2.0),34,Inferior,1,Septal,3,Non-diseased,MCMC,0.011639,,0.077382,0.810738,0.810738,1.000000,0.011639
MI_2,MI Moderate (μ=2.0),34,Inferior,1,Apical,4,Non-diseased,MCMC,0.004526,,0.041838,0.405771,0.405771,1.000000,0.004526
MI_2,MI Moderate (μ=2.0),35,Inferior,1,Anterior,0,Non-diseased,MCMC,0.004414,,0.052418,0.582508,0.582508,1.000000,0.004414
MI_2,MI Moderate (μ=2.0),35,Inferior,1,Inferior,1,Diseased,MCMC,0.000267,,0.128007,1.965471,1.965471,1.000000,0.000267
MI_2,MI Moderate (μ=2.0),35,Inferior,1,Lateral,2,Non-diseased,MCMC,0.000160,,0.029411,0.399278,0.399278,1.000000,0.000160
MI_2,MI Moderate (μ=2.0),35,Inferior,1,Septal,3,Non-diseased,MCMC,0.014864,,0.081543,0.819024,0.819024,1.000000,0.014864
MI_2,MI Moderate (μ=2.0),35,Inferior,1,Apical,4,Non-diseased,MCMC,0.003155,,0.036892,0.363659,0.363659,1.000000,0.003155
MI_2,MI Moderate (μ=2.0),36,Inferior,1,Anterior,0,Non-diseased,MCMC,0.001255,,0.049357,0.611716,0.611716,1.000000,0.001255
MI_2,MI Moderate (μ=2.0),36,Inferior,1,Inferior,1,Diseased,MCMC,0.001872,,0.110520,1.471961,1.471961,1.000000,0.001872
MI_2,MI Moderate (μ=2.0),36,Inferior,1,Lateral,2,Non-diseased,MCMC,0.000283,,0.029540,0.395136,0.395136,1.000000,0.000283
MI_2,MI Moderate (μ=2.0),36,Inferior,1,Septal,3,Non-diseased,MCMC,0.008370,,0.068022,0.750754,0.750754,1.000000,0.008370
MI_2,MI Moderate (μ=2.0),36,Inferior,1,Apical,4,Non-diseased,MCMC,0.000924,,0.029821,0.383673,0.383673,1.000000,0.000924
MI_2,MI Moderate (μ=2.0),37,Inferior,1,Anterior,0,Non-diseased,MCMC,0.006025,,0.052609,0.566150,0.566150,1.000000,0.006025
MI_2,MI Moderate (μ=2.0),37,Inferior,1,Inferior,1,Diseased,MCMC,0.006125,,0.108215,1.525363,1.525363,1.000000,0.006125
MI_2,MI Moderate (μ=2.0),37,Inferior,1,Lateral,2,Non-diseased,MCMC,0.001600,,0.034993,0.405885,0.405885,1.000000,0.001600
MI_2,MI Moderate (μ=2.0),37,Inferior,1,Septal,3,Non-diseased,MCMC,0.011848,,0.074964,0.745975,0.745975,1.000000,0.011848
MI_2,MI Moderate (μ=2.0),37,Inferior,1,Apical,4,Non-diseased,MCMC,0.000044,,0.029109,0.411628,0.411628,1.000000,0.000044
MI_2,MI Moderate (μ=2.0),38,Inferior,1,Anterior,0,Non-diseased,MCMC,0.009944,,0.063299,0.593009,0.593009,1.000000,0.009944
MI_2,MI Moderate (μ=2.0),38,Inferior,1,Inferior,1,Diseased,MCMC,0.212921,,0.268095,1.208567,1.208567,1.000000,0.212921
MI_2,MI Moderate (μ=2.0),38,Inferior,1,Lateral,2,Non-diseased,MCMC,0.008965,,0.056386,0.410497,0.410497,1.000000,0.008965
MI_2,MI Moderate (μ=2.0),38,Inferior,1,Septal,3,Non-diseased,MCMC,0.036966,,0.113679,0.822330,0.822330,1.000000,0.036966
MI_2,MI Moderate (μ=2.0),38,Inferior,1,Apical,4,Non-diseased,MCMC,0.004150,,0.041158,0.393849,0.393849,1.000000,0.004150
MI_2,MI Moderate (μ=2.0),39,Inferior,1,Anterior,0,Non-diseased,MCMC,0.001222,,0.047515,0.606161,0.606161,1.000000,0.001222
MI_2,MI Moderate (μ=2.0),39,Inferior,1,Inferior,1,Diseased,MCMC,0.000412,,0.111880,1.523582,1.523582,1.000000,0.000412
MI_2,MI Moderate (μ=2.0),39,Inferior,1,Lateral,2,Non-diseased,MCMC,0.001229,,0.031241,0.379764,0.379764,1.000000,0.001229
MI_2,MI Moderate (μ=2.0),39,Inferior,1,Septal,3,Non-diseased,MCMC,0.018139,,0.080488,0.683666,0.683666,1.000000,0.018139
MI_2,MI Moderate (μ=2.0),39,Inferior,1,Apical,4,Non-diseased,MCMC,0.001806,,0.032909,0.370742,0.370742,1.000000,0.001806
MI_2,MI Moderate (μ=2.0),40,Lateral,2,Anterior,0,Non-diseased,MCMC,0.009288,,0.064748,0.659710,0.659710,1.000000,0.009288
MI_2,MI Moderate (μ=2.0),40,Lateral,2,Inferior,1,Non-diseased,MCMC,0.003533,,0.078016,1.006878,1.006878,1.000000,0.003533
MI_2,MI Moderate (μ=2.0),40,Lateral,2,Lateral,2,Diseased,MCMC,0.002028,,0.055203,0.718477,0.718477,1.000000,0.002028
MI_2,MI Moderate (μ=2.0),40,Lateral,2,Septal,3,Non-diseased,MCMC,0.027096,,0.099626,0.822338,0.822338,1.000000,0.027096
MI_2,MI Moderate (μ=2.0),40,Lateral,2,Apical,4,Non-diseased,MCMC,0.000235,,0.029560,0.415190,0.415190,1.000000,0.000235
MI_2,MI Moderate (μ=2.0),41,Lateral,2,Anterior,0,Non-diseased,MCMC,0.003140,,0.056688,0.706981,0.706981,1.000000,0.003140
MI_2,MI Moderate (μ=2.0),41,Lateral,2,Inferior,1,Non-diseased,MCMC,0.002587,,0.080658,1.049430,1.049430,1.000000,0.002587
MI_2,MI Moderate (μ=2.0),41,Lateral,2,Lateral,2,Diseased,MCMC,0.006415,,0.073240,0.853053,0.853053,1.000000,0.006415
MI_2,MI Moderate (μ=2.0),41,Lateral,2,Septal,3,Non-diseased,MCMC,0.013825,,0.077155,0.776899,0.776899,1.000000,0.013825
MI_2,MI Moderate (μ=2.0),41,Lateral,2,Apical,4,Non-diseased,MCMC,0.000860,,0.029774,0.418018,0.418018,1.000000,0.000860
MI_2,MI Moderate (μ=2.0),42,Lateral,2,Anterior,0,Non-diseased,MCMC,0.011761,,0.069910,0.661885,0.661885,1.000000,0.011761
MI_2,MI Moderate (μ=2.0),42,Lateral,2,Inferior,1,Non-diseased,MCMC,0.010158,,0.093750,1.200049,1.200049,1.000000,0.010158
MI_2,MI Moderate (μ=2.0),42,Lateral,2,Lateral,2,Diseased,MCMC,0.006174,,0.077651,0.908886,0.908886,1.000000,0.006174
MI_2,MI Moderate (μ=2.0),42,Lateral,2,Septal,3,Non-diseased,MCMC,0.028075,,0.103014,0.790005,0.790005,1.000000,0.028075
MI_2,MI Moderate (μ=2.0),42,Lateral,2,Apical,4,Non-diseased,MCMC,0.001427,,0.032890,0.409134,0.409134,1.000000,0.001427
MI_2,MI Moderate (μ=2.0),43,Lateral,2,Anterior,0,Non-diseased,MCMC,0.007410,,0.060249,0.660892,0.660892,1.000000,0.007410
MI_2,MI Moderate (μ=2.0),43,Lateral,2,Inferior,1,Non-diseased,MCMC,0.000364,,0.071227,0.971516,0.971516,1.000000,0.000364
MI_2,MI Moderate (μ=2.0),43,Lateral,2,Lateral,2,Diseased,MCMC,0.001598,,0.062722,0.845519,0.845519,1.000000,0.001598
MI_2,MI Moderate (μ=2.0),43,Lateral,2,Septal,3,Non-diseased,MCMC,0.021658,,0.096209,0.869377,0.869377,1.000000,0.021658
MI_2,MI Moderate (μ=2.0),43,Lateral,2,Apical,4,Non-diseased,MCMC,0.000512,,0.031664,0.435035,0.435035,1.000000,0.000512
MI_2,MI Moderate (μ=2.0),44,Lateral,2,Anterior,0,Non-diseased,MCMC,0.017712,,0.079106,0.676721,0.676721,1.000000,0.017712
MI_2,MI Moderate (μ=2.0),44,Lateral,2,Inferior,1,Non-diseased,MCMC,0.013280,,0.087158,1.011433,1.011433,1.000000,0.013280
MI_2,MI Moderate (μ=2.0),44,Lateral,2,Lateral,2,Diseased,MCMC,0.000852,,0.075353,1.030852,1.030852,1.000000,0.000852
MI_2,MI Moderate (μ=2.0),44,Lateral,2,Septal,3,Non-diseased,MCMC,0.026238,,0.099835,0.889339,0.889339,1.000000,0.026238
MI_2,MI Moderate (μ=2.0),44,Lateral,2,Apical,4,Non-diseased,MCMC,0.001175,,0.031556,0.400635,0.400635,1.000000,0.001175
MI_2,MI Moderate (μ=2.0),45,Lateral,2,Anterior,0,Non-diseased,MCMC,0.003472,,0.058020,0.677087,0.677087,1.000000,0.003472
MI_2,MI Moderate (μ=2.0),45,Lateral,2,Inferior,1,Non-diseased,MCMC,0.039163,,0.122447,0.960244,0.960244,1.000000,0.039163
MI_2,MI Moderate (μ=2.0),45,Lateral,2,Lateral,2,Diseased,MCMC,0.002419,,0.049991,0.608820,0.608820,1.000000,0.002419
MI_2,MI Moderate (μ=2.0),45,Lateral,2,Septal,3,Non-diseased,MCMC,0.023813,,0.094216,0.839003,0.839003,1.000000,0.023813
MI_2,MI Moderate (μ=2.0),45,Lateral,2,Apical,4,Non-diseased,MCMC,0.003058,,0.035891,0.374326,0.374326,1.000000,0.003058
MI_2,MI Moderate (μ=2.0),46,Lateral,2,Anterior,0,Non-diseased,MCMC,0.010963,,0.071251,0.706242,0.706242,1.000000,0.010963
MI_2,MI Moderate (μ=2.0),46,Lateral,2,Inferior,1,Non-diseased,MCMC,0.003042,,0.076784,1.019166,1.019166,1.000000,0.003042
MI_2,MI Moderate (μ=2.0),46,Lateral,2,Lateral,2,Diseased,MCMC,0.000908,,0.068813,0.994490,0.994490,1.000000,0.000908
MI_2,MI Moderate (μ=2.0),46,Lateral,2,Septal,3,Non-diseased,MCMC,0.025071,,0.095498,0.763935,0.763935,1.000000,0.025071
MI_2,MI Moderate (μ=2.0),46,Lateral,2,Apical,4,Non-diseased,MCMC,0.003837,,0.038182,0.376089,0.376089,1.000000,0.003837
MI_2,MI Moderate (μ=2.0),47,Lateral,2,Anterior,0,Non-diseased,MCMC,0.008463,,0.063027,0.643848,0.643848,1.000000,0.008463
MI_2,MI Moderate (μ=2.0),47,Lateral,2,Inferior,1,Non-diseased,MCMC,0.013394,,0.090854,1.026861,1.026861,1.000000,0.013394
MI_2,MI Moderate (μ=2.0),47,Lateral,2,Lateral,2,Diseased,MCMC,0.000525,,0.047917,0.638348,0.638348,1.000000,0.000525
MI_2,MI Moderate (μ=2.0),47,Lateral,2,Septal,3,Non-diseased,MCMC,0.036559,,0.113155,0.840236,0.840236,1.000000,0.036559
MI_2,MI Moderate (μ=2.0),47,Lateral,2,Apical,4,Non-diseased,MCMC,0.002515,,0.035723,0.416072,0.416072,1.000000,0.002515
MI_2,MI Moderate (μ=2.0),48,Lateral,2,Anterior,0,Non-diseased,MCMC,0.013374,,0.071860,0.656983,0.656983,1.000000,0.013374
MI_2,MI Moderate (μ=2.0),48,Lateral,2,Inferior,1,Non-diseased,MCMC,0.000515,,0.072583,1.022958,1.022958,1.000000,0.000515
MI_2,MI Moderate (μ=2.0),48,Lateral,2,Lateral,2,Diseased,MCMC,0.005641,,0.077992,0.979660,0.979660,1.000000,0.005641
MI_2,MI Moderate (μ=2.0),48,Lateral,2,Septal,3,Non-diseased,MCMC,0.025594,,0.100540,0.841365,0.841365,1.000000,0.025594
MI_2,MI Moderate (μ=2.0),48,Lateral,2,Apical,4,Non-diseased,MCMC,0.001282,,0.028737,0.358037,0.358037,1.000000,0.001282
MI_2,MI Moderate (μ=2.0),49,Lateral,2,Anterior,0,Non-diseased,MCMC,0.007984,,0.063266,0.660086,0.660086,1.000000,0.007984
MI_2,MI Moderate (μ=2.0),49,Lateral,2,Inferior,1,Non-diseased,MCMC,0.062515,,0.146884,1.096688,1.096688,1.000000,0.062515
MI_2,MI Moderate (μ=2.0),49,Lateral,2,Lateral,2,Diseased,MCMC,0.005294,,0.058694,0.656983,0.656983,1.000000,0.005294
MI_2,MI Moderate (μ=2.0),49,Lateral,2,Septal,3,Non-diseased,MCMC,0.028488,,0.104490,0.859447,0.859447,1.000000,0.028488
MI_2,MI Moderate (μ=2.0),49,Lateral,2,Apical,4,Non-diseased,MCMC,0.000638,,0.029407,0.390281,0.390281,1.000000,0.000638
MI_2,MI Moderate (μ=2.0),50,Lateral,2,Anterior,0,Non-diseased,MCMC,0.011563,,0.069643,0.698244,0.698244,1.000000,0.011563
MI_2,MI Moderate (μ=2.0),50,Lateral,2,Inferior,1,Non-diseased,MCMC,0.008912,,0.094830,1.128079,1.128079,1.000000,0.008912
MI_2,MI Moderate (μ=2.0),50,Lateral,2,Lateral,2,Diseased,MCMC,0.004977,,0.063984,0.762918,0.762918,1.000000,0.004977
MI_2,MI Moderate (μ=2.0),50,Lateral,2,Septal,3,Non-diseased,MCMC,0.026690,,0.101847,0.850507,0.850507,1.000000,0.026690
MI_2,MI Moderate (μ=2.0),50,Lateral,2,Apical,4,Non-diseased,MCMC,0.000433,,0.027184,0.373938,0.373938,1.000000,0.000433
MI_2,MI Moderate (μ=2.0),51,Lateral,2,Anterior,0,Non-diseased,MCMC,0.005818,,0.059592,0.671461,0.671461,1.000000,0.005818
MI_2,MI Moderate (μ=2.0),51,Lateral,2,Inferior,1,Non-diseased,MCMC,0.002874,,0.067941,0.910704,0.910704,1.000000,0.002874
MI_2,MI Moderate (μ=2.0),51,Lateral,2,Lateral,2,Diseased,MCMC,0.000579,,0.062551,0.900589,0.900589,1.000000,0.000579
MI_2,MI Moderate (μ=2.0),51,Lateral,2,Septal,3,Non-diseased,MCMC,0.024257,,0.094348,0.795800,0.795800,1.000000,0.024257
MI_2,MI Moderate (μ=2.0),51,Lateral,2,Apical,4,Non-diseased,MCMC,0.000822,,0.029501,0.376447,0.376447,1.000000,0.000822
MI_2,MI Moderate (μ=2.0),52,Lateral,2,Anterior,0,Non-diseased,MCMC,0.011030,,0.068802,0.673701,0.673701,1.000000,0.011030
MI_2,MI Moderate (μ=2.0),52,Lateral,2,Inferior,1,Non-diseased,MCMC,0.029146,,0.114734,1.030385,1.030385,1.000000,0.029146
MI_2,MI Moderate (μ=2.0),52,Lateral,2,Lateral,2,Diseased,MCMC,0.003205,,0.054184,0.652819,0.652819,1.000000,0.003205
MI_2,MI Moderate (μ=2.0),52,Lateral,2,Septal,3,Non-diseased,MCMC,0.032810,,0.108729,0.793255,0.793255,1.000000,0.032810
MI_2,MI Moderate (μ=2.0),52,Lateral,2,Apical,4,Non-diseased,MCMC,0.002190,,0.037182,0.438099,0.438099,1.000000,0.002190
MI_2,MI Moderate (μ=2.0),53,Lateral,2,Anterior,0,Non-diseased,MCMC,0.009317,,0.063919,0.657068,0.657068,1.000000,0.009317
MI_2,MI Moderate (μ=2.0),53,Lateral,2,Inferior,1,Non-diseased,MCMC,0.016228,,0.086641,0.947185,0.947185,1.000000,0.016228
MI_2,MI Moderate (μ=2.0),53,Lateral,2,Lateral,2,Diseased,MCMC,0.004464,,0.072338,0.911092,0.911092,1.000000,0.004464
MI_2,MI Moderate (μ=2.0),53,Lateral,2,Septal,3,Non-diseased,MCMC,0.022136,,0.094127,0.866752,0.866752,1.000000,0.022136
MI_2,MI Moderate (μ=2.0),53,Lateral,2,Apical,4,Non-diseased,MCMC,0.000311,,0.032241,0.426197,0.426197,1.000000,0.000311
MI_2,MI Moderate (μ=2.0),54,Lateral,2,Anterior,0,Non-diseased,MCMC,0.020346,,0.085171,0.662562,0.662562,1.000000,0.020346
MI_2,MI Moderate (μ=2.0),54,Lateral,2,Inferior,1,Non-diseased,MCMC,0.002497,,0.087121,1.199376,1.199376,1.000000,0.002497
MI_2,MI Moderate (μ=2.0),54,Lateral,2,Lateral,2,Diseased,MCMC,0.018421,,0.107615,1.213872,1.213872,1.000000,0.018421
MI_2,MI Moderate (μ=2.0),54,Lateral,2,Septal,3,Non-diseased,MCMC,0.032999,,0.107952,0.647563,0.647563,1.000000,0.032999
MI_2,MI Moderate (μ=2.0),54,Lateral,2,Apical,4,Non-diseased,MCMC,0.000362,,0.027639,0.378249,0.378249,1.000000,0.000362
MI_2,MI Moderate (μ=2.0),55,Lateral,2,Anterior,0,Non-diseased,MCMC,0.005088,,0.060248,0.687636,0.687636,1.000000,0.005088
MI_2,MI Moderate (μ=2.0),55,Lateral,2,Inferior,1,Non-diseased,MCMC,0.017893,,0.101385,1.048695,1.048695,1.000000,0.017893
MI_2,MI Moderate (μ=2.0),55,Lateral,2,Lateral,2,Diseased,MCMC,0.066824,,0.154550,1.002422,1.002422,1.000000,0.066824
MI_2,MI Moderate (μ=2.0),55,Lateral,2,Septal,3,Non-diseased,MCMC,0.022361,,0.093179,0.769349,0.769349,1.000000,0.022361
MI_2,MI Moderate (μ=2.0),55,Lateral,2,Apical,4,Non-diseased,MCMC,0.002104,,0.033316,0.384655,0.384655,1.000000,0.002104
MI_2,MI Moderate (μ=2.0),56,Lateral,2,Anterior,0,Non-diseased,MCMC,0.007152,,0.062345,0.676137,0.676137,1.000000,0.007152
MI_2,MI Moderate (μ=2.0),56,Lateral,2,Inferior,1,Non-diseased,MCMC,0.077603,,0.164519,1.096456,1.096456,1.000000,0.077603
MI_2,MI Moderate (μ=2.0),56,Lateral,2,Lateral,2,Diseased,MCMC,0.004370,,0.053946,0.630113,0.630113,1.000000,0.004370
MI_2,MI Moderate (μ=2.0),56,Lateral,2,Septal,3,Non-diseased,MCMC,0.032689,,0.113317,0.847502,0.847502,1.000000,0.032689
MI_2,MI Moderate (μ=2.0),56,Lateral,2,Apical,4,Non-diseased,MCMC,0.000181,,0.026726,0.396719,0.396719,1.000000,0.000181
MI_2,MI Moderate (μ=2.0),57,Lateral,2,Anterior,0,Non-diseased,MCMC,0.009144,,0.065318,0.678312,0.678312,1.000000,0.009144
MI_2,MI Moderate (μ=2.0),57,Lateral,2,Inferior,1,Non-diseased,MCMC,0.023462,,0.112267,1.175652,1.175652,1.000000,0.023462
MI_2,MI Moderate (μ=2.0),57,Lateral,2,Lateral,2,Diseased,MCMC,0.028876,,0.107421,0.855793,0.855793,1.000000,0.028876
MI_2,MI Moderate (μ=2.0),57,Lateral,2,Septal,3,Non-diseased,MCMC,0.034525,,0.108029,0.869844,0.869844,1.000000,0.034525
MI_2,MI Moderate (μ=2.0),57,Lateral,2,Apical,4,Non-diseased,MCMC,0.000920,,0.029450,0.379359,0.379359,1.000000,0.000920
MI_2,MI Moderate (μ=2.0),58,Lateral,2,Anterior,0,Non-diseased,MCMC,0.005180,,0.060415,0.716303,0.716303,1.000000,0.005180
MI_2,MI Moderate (μ=2.0),58,Lateral,2,Inferior,1,Non-diseased,MCMC,0.002681,,0.075004,1.004630,1.004630,1.000000,0.002681
MI_2,MI Moderate (μ=2.0),58,Lateral,2,Lateral,2,Diseased,MCMC,0.005083,,0.063090,0.792534,0.792534,1.000000,0.005083
MI_2,MI Moderate (μ=2.0),58,Lateral,2,Septal,3,Non-diseased,MCMC,0.027455,,0.099743,0.821867,0.821867,1.000000,0.027455
MI_2,MI Moderate (μ=2.0),58,Lateral,2,Apical,4,Non-diseased,MCMC,0.000679,,0.028385,0.348976,0.348976,1.000000,0.000679
MI_2,MI Moderate (μ=2.0),59,Lateral,2,Anterior,0,Non-diseased,MCMC,0.012230,,0.071265,0.651086,0.651086,1.000000,0.012230
MI_2,MI Moderate (μ=2.0),59,Lateral,2,Inferior,1,Non-diseased,MCMC,0.000733,,0.070365,0.994459,0.994459,1.000000,0.000733
MI_2,MI Moderate (μ=2.0),59,Lateral,2,Lateral,2,Diseased,MCMC,0.022860,,0.101050,1.011493,1.011493,1.000000,0.022860
MI_2,MI Moderate (μ=2.0),59,Lateral,2,Septal,3,Non-diseased,MCMC,0.030144,,0.103531,0.809815,0.809815,1.000000,0.030144
MI_2,MI Moderate (μ=2.0),59,Lateral,2,Apical,4,Non-diseased,MCMC,0.000393,,0.027159,0.395262,0.395262,1.000000,0.000393
MI_2,MI Moderate (μ=2.0),60,Septal,3,Anterior,0,Non-diseased,MCMC,0.002066,,0.043065,0.563889,0.563889,1.000000,0.002066
MI_2,MI Moderate (μ=2.0),60,Septal,3,Inferior,1,Non-diseased,MCMC,0.155731,,0.244007,0.892472,0.892472,1.000000,0.155731
MI_2,MI Moderate (μ=2.0),60,Septal,3,Lateral,2,Non-diseased,MCMC,0.006183,,0.048384,0.382353,0.382353,1.000000,0.006183
MI_2,MI Moderate (μ=2.0),60,Septal,3,Septal,3,Diseased,MCMC,0.033747,,0.127338,1.233162,1.233162,1.000000,0.033747
MI_2,MI Moderate (μ=2.0),60,Septal,3,Apical,4,Non-diseased,MCMC,0.000172,,0.032069,0.400767,0.400767,1.000000,0.000172
MI_2,MI Moderate (μ=2.0),61,Septal,3,Anterior,0,Non-diseased,MCMC,0.000065,,0.043362,0.571055,0.571055,1.000000,0.000065
MI_2,MI Moderate (μ=2.0),61,Septal,3,Inferior,1,Non-diseased,MCMC,0.089834,,0.174424,0.969060,0.969060,1.000000,0.089834
MI_2,MI Moderate (μ=2.0),61,Septal,3,Lateral,2,Non-diseased,MCMC,0.002676,,0.038538,0.425442,0.425442,1.000000,0.002676
MI_2,MI Moderate (μ=2.0),61,Septal,3,Septal,3,Diseased,MCMC,0.076896,,0.175425,1.506068,1.506068,1.000000,0.076896
MI_2,MI Moderate (μ=2.0),61,Septal,3,Apical,4,Non-diseased,MCMC,0.000002,,0.027851,0.391074,0.391074,1.000000,0.000002
MI_2,MI Moderate (μ=2.0),62,Septal,3,Anterior,0,Non-diseased,MCMC,0.001273,,0.043645,0.567834,0.567834,1.000000,0.001273
MI_2,MI Moderate (μ=2.0),62,Septal,3,Inferior,1,Non-diseased,MCMC,0.147362,,0.236357,0.910189,0.910189,1.000000,0.147362
MI_2,MI Moderate (μ=2.0),62,Septal,3,Lateral,2,Non-diseased,MCMC,0.003630,,0.041557,0.407071,0.407071,1.000000,0.003630
MI_2,MI Moderate (μ=2.0),62,Septal,3,Septal,3,Diseased,MCMC,0.135174,,0.220407,1.368374,1.368374,1.000000,0.135174
MI_2,MI Moderate (μ=2.0),62,Septal,3,Apical,4,Non-diseased,MCMC,0.002422,,0.031345,0.320776,0.320776,1.000000,0.002422
MI_2,MI Moderate (μ=2.0),63,Septal,3,Anterior,0,Non-diseased,MCMC,0.000010,,0.042037,0.589200,0.589200,1.000000,0.000010
MI_2,MI Moderate (μ=2.0),63,Septal,3,Inferior,1,Non-diseased,MCMC,0.069313,,0.155915,1.014008,1.014008,1.000000,0.069313
MI_2,MI Moderate (μ=2.0),63,Septal,3,Lateral,2,Non-diseased,MCMC,0.000343,,0.032305,0.443971,0.443971,1.000000,0.000343
MI_2,MI Moderate (μ=2.0),63,Septal,3,Septal,3,Diseased,MCMC,0.064550,,0.161027,1.472050,1.472050,1.000000,0.064550
MI_2,MI Moderate (μ=2.0),63,Septal,3,Apical,4,Non-diseased,MCMC,0.000213,,0.027975,0.378308,0.378308,1.000000,0.000213
MI_2,MI Moderate (μ=2.0),64,Septal,3,Anterior,0,Non-diseased,MCMC,0.000644,,0.041785,0.570576,0.570576,1.000000,0.000644
MI_2,MI Moderate (μ=2.0),64,Septal,3,Inferior,1,Non-diseased,MCMC,0.115488,,0.206814,0.954477,0.954477,1.000000,0.115488
MI_2,MI Moderate (μ=2.0),64,Septal,3,Lateral,2,Non-diseased,MCMC,0.002123,,0.037931,0.468787,0.468787,1.000000,0.002123
MI_2,MI Moderate (μ=2.0),64,Septal,3,Septal,3,Diseased,MCMC,0.117619,,0.199612,1.559853,1.559853,1.000000,0.117619
MI_2,MI Moderate (μ=2.0),64,Septal,3,Apical,4,Non-diseased,MCMC,0.000062,,0.026875,0.388054,0.388054,1.000000,0.000062
MI_2,MI Moderate (μ=2.0),65,Septal,3,Anterior,0,Non-diseased,MCMC,0.001251,,0.048607,0.631653,0.631653,1.000000,0.001251
MI_2,MI Moderate (μ=2.0),65,Septal,3,Inferior,1,Non-diseased,MCMC,0.031472,,0.120579,1.145636,1.145636,1.000000,0.031472
MI_2,MI Moderate (μ=2.0),65,Septal,3,Lateral,2,Non-diseased,MCMC,0.000528,,0.032300,0.429700,0.429700,1.000000,0.000528
MI_2,MI Moderate (μ=2.0),65,Septal,3,Septal,3,Diseased,MCMC,0.018033,,0.163631,2.019134,2.019134,1.000000,0.018033
MI_2,MI Moderate (μ=2.0),65,Septal,3,Apical,4,Non-diseased,MCMC,0.000477,,0.029335,0.383721,0.383721,1.000000,0.000477
MI_2,MI Moderate (μ=2.0),66,Septal,3,Anterior,0,Non-diseased,MCMC,0.000068,,0.045129,0.651551,0.651551,1.000000,0.000068
MI_2,MI Moderate (μ=2.0),66,Septal,3,Inferior,1,Non-diseased,MCMC,0.070391,,0.157383,0.873153,0.873153,1.000000,0.070391
MI_2,MI Moderate (μ=2.0),66,Septal,3,Lateral,2,Non-diseased,MCMC,0.001427,,0.034520,0.428194,0.428194,1.000000,0.001427
MI_2,MI Moderate (μ=2.0),66,Septal,3,Septal,3,Diseased,MCMC,0.039261,,0.147354,1.669982,1.669982,1.000000,0.039261
MI_2,MI Moderate (μ=2.0),66,Septal,3,Apical,4,Non-diseased,MCMC,0.000605,,0.027804,0.387590,0.387590,1.000000,0.000605
MI_2,MI Moderate (μ=2.0),67,Septal,3,Anterior,0,Non-diseased,MCMC,0.000590,,0.044398,0.608679,0.608679,1.000000,0.000590
MI_2,MI Moderate (μ=2.0),67,Septal,3,Inferior,1,Non-diseased,MCMC,0.065554,,0.154591,1.078242,1.078242,1.000000,0.065554
MI_2,MI Moderate (μ=2.0),67,Septal,3,Lateral,2,Non-diseased,MCMC,0.000567,,0.034896,0.466315,0.466315,1.000000,0.000567
MI_2,MI Moderate (μ=2.0),67,Septal,3,Septal,3,Diseased,MCMC,0.004089,,0.144609,1.910124,1.910124,1.000000,0.004089
MI_2,MI Moderate (μ=2.0),67,Septal,3,Apical,4,Non-diseased,MCMC,0.000030,,0.030169,0.397455,0.397455,1.000000,0.000030
MI_2,MI Moderate (μ=2.0),68,Septal,3,Anterior,0,Non-diseased,MCMC,0.005010,,0.055456,0.615621,0.615621,1.000000,0.005010
MI_2,MI Moderate (μ=2.0),68,Septal,3,Inferior,1,Non-diseased,MCMC,0.257491,,0.328407,0.922020,0.922020,1.000000,0.257491
MI_2,MI Moderate (μ=2.0),68,Septal,3,Lateral,2,Non-diseased,MCMC,0.009898,,0.061025,0.401578,0.401578,1.000000,0.009898
MI_2,MI Moderate (μ=2.0),68,Septal,3,Septal,3,Diseased,MCMC,0.033285,,0.104074,0.827061,0.827061,1.000000,0.033285
MI_2,MI Moderate (μ=2.0),68,Septal,3,Apical,4,Non-diseased,MCMC,0.004235,,0.040279,0.356204,0.356204,1.000000,0.004235
MI_2,MI Moderate (μ=2.0),69,Septal,3,Anterior,0,Non-diseased,MCMC,0.000109,,0.042140,0.578879,0.578879,1.000000,0.000109
MI_2,MI Moderate (μ=2.0),69,Septal,3,Inferior,1,Non-diseased,MCMC,0.086324,,0.167591,0.989328,0.989328,1.000000,0.086324
MI_2,MI Moderate (μ=2.0),69,Septal,3,Lateral,2,Non-diseased,MCMC,0.001626,,0.034214,0.394877,0.394877,1.000000,0.001626
MI_2,MI Moderate (μ=2.0),69,Septal,3,Septal,3,Diseased,MCMC,0.102312,,0.203139,1.765346,1.765346,1.000000,0.102312
MI_2,MI Moderate (μ=2.0),69,Septal,3,Apical,4,Non-diseased,MCMC,0.000014,,0.021641,0.328072,0.328072,1.000000,0.000014
MI_2,MI Moderate (μ=2.0),70,Septal,3,Anterior,0,Non-diseased,MCMC,0.001766,,0.049217,0.629776,0.629776,1.000000,0.001766
MI_2,MI Moderate (μ=2.0),70,Septal,3,Inferior,1,Non-diseased,MCMC,0.024144,,0.111323,1.188434,1.188434,1.000000,0.024144
MI_2,MI Moderate (μ=2.0),70,Septal,3,Lateral,2,Non-diseased,MCMC,0.000059,,0.029976,0.406926,0.406926,1.000000,0.000059
MI_2,MI Moderate (μ=2.0),70,Septal,3,Septal,3,Diseased,MCMC,0.018547,,0.196862,2.379604,2.379604,1.000000,0.018547
MI_2,MI Moderate (μ=2.0),70,Septal,3,Apical,4,Non-diseased,MCMC,0.000519,,0.026582,0.358324,0.358324,1.000000,0.000519
MI_2,MI Moderate (μ=2.0),71,Septal,3,Anterior,0,Non-diseased,MCMC,0.000279,,0.040822,0.588439,0.588439,1.000000,0.000279
MI_2,MI Moderate (μ=2.0),71,Septal,3,Inferior,1,Non-diseased,MCMC,0.101848,,0.197337,0.855329,0.855329,1.000000,0.101848
MI_2,MI Moderate (μ=2.0),71,Septal,3,Lateral,2,Non-diseased,MCMC,0.002628,,0.040453,0.479935,0.479935,1.000000,0.002628
MI_2,MI Moderate (μ=2.0),71,Septal,3,Septal,3,Diseased,MCMC,0.045075,,0.145060,1.580553,1.580553,1.000000,0.045075
MI_2,MI Moderate (μ=2.0),71,Septal,3,Apical,4,Non-diseased,MCMC,0.000010,,0.021009,0.314705,0.314705,1.000000,0.000010
MI_2,MI Moderate (μ=2.0),72,Septal,3,Anterior,0,Non-diseased,MCMC,0.000022,,0.044394,0.612553,0.612553,1.000000,0.000022
MI_2,MI Moderate (μ=2.0),72,Septal,3,Inferior,1,Non-diseased,MCMC,0.113723,,0.202880,0.960132,0.960132,1.000000,0.113723
MI_2,MI Moderate (μ=2.0),72,Septal,3,Lateral,2,Non-diseased,MCMC,0.001397,,0.034730,0.442222,0.442222,1.000000,0.001397
MI_2,MI Moderate (μ=2.0),72,Septal,3,Septal,3,Diseased,MCMC,0.066280,,0.159924,1.448687,1.448687,1.000000,0.066280
MI_2,MI Moderate (μ=2.0),72,Septal,3,Apical,4,Non-diseased,MCMC,0.001148,,0.031676,0.396137,0.396137,1.000000,0.001148
MI_2,MI Moderate (μ=2.0),73,Septal,3,Anterior,0,Non-diseased,MCMC,0.000360,,0.045004,0.593427,0.593427,1.000000,0.000360
MI_2,MI Moderate (μ=2.0),73,Septal,3,Inferior,1,Non-diseased,MCMC,0.128432,,0.210398,0.923158,0.923158,1.000000,0.128432
MI_2,MI Moderate (μ=2.0),73,Septal,3,Lateral,2,Non-diseased,MCMC,0.004035,,0.042369,0.422769,0.422769,1.000000,0.004035
MI_2,MI Moderate (μ=2.0),73,Septal,3,Septal,3,Diseased,MCMC,0.127926,,0.211063,1.605954,1.605954,1.000000,0.127926
MI_2,MI Moderate (μ=2.0),73,Septal,3,Apical,4,Non-diseased,MCMC,0.000034,,0.028090,0.398442,0.398442,1.000000,0.000034
MI_2,MI Moderate (μ=2.0),74,Septal,3,Anterior,0,Non-diseased,MCMC,0.000715,,0.042517,0.595062,0.595062,1.000000,0.000715
MI_2,MI Moderate (μ=2.0),74,Septal,3,Inferior,1,Non-diseased,MCMC,0.144723,,0.225442,0.991705,0.991705,1.000000,0.144723
MI_2,MI Moderate (μ=2.0),74,Septal,3,Lateral,2,Non-diseased,MCMC,0.002901,,0.038938,0.425293,0.425293,1.000000,0.002901
MI_2,MI Moderate (μ=2.0),74,Septal,3,Septal,3,Diseased,MCMC,0.031502,,0.124080,1.301327,1.301327,1.000000,0.031502
MI_2,MI Moderate (μ=2.0),74,Septal,3,Apical,4,Non-diseased,MCMC,0.000001,,0.023362,0.336835,0.336835,1.000000,0.000001
MI_2,MI Moderate (μ=2.0),75,Septal,3,Anterior,0,Non-diseased,MCMC,0.001299,,0.049058,0.640384,0.640384,1.000000,0.001299
MI_2,MI Moderate (μ=2.0),75,Septal,3,Inferior,1,Non-diseased,MCMC,0.055678,,0.136942,1.056520,1.056520,1.000000,0.055678
MI_2,MI Moderate (μ=2.0),75,Septal,3,Lateral,2,Non-diseased,MCMC,0.001536,,0.033844,0.394042,0.394042,1.000000,0.001536
MI_2,MI Moderate (μ=2.0),75,Septal,3,Septal,3,Diseased,MCMC,0.012624,,0.154060,1.997812,1.997812,1.000000,0.012624
MI_2,MI Moderate (μ=2.0),75,Septal,3,Apical,4,Non-diseased,MCMC,0.000154,,0.028376,0.391004,0.391004,1.000000,0.000154
MI_2,MI Moderate (μ=2.0),76,Septal,3,Anterior,0,Non-diseased,MCMC,0.000650,,0.045220,0.606270,0.606270,1.000000,0.000650
MI_2,MI Moderate (μ=2.0),76,Septal,3,Inferior,1,Non-diseased,MCMC,0.081218,,0.172232,0.834322,0.834322,1.000000,0.081218
MI_2,MI Moderate (μ=2.0),76,Septal,3,Lateral,2,Non-diseased,MCMC,0.001892,,0.034965,0.395870,0.395870,1.000000,0.001892
MI_2,MI Moderate (μ=2.0),76,Septal,3,Septal,3,Diseased,MCMC,0.095025,,0.198597,1.831502,1.831502,1.000000,0.095025
MI_2,MI Moderate (μ=2.0),76,Septal,3,Apical,4,Non-diseased,MCMC,0.000377,,0.022850,0.332721,0.332721,1.000000,0.000377
MI_2,MI Moderate (μ=2.0),77,Septal,3,Anterior,0,Non-diseased,MCMC,0.000150,,0.045294,0.606132,0.606132,1.000000,0.000150
MI_2,MI Moderate (μ=2.0),77,Septal,3,Inferior,1,Non-diseased,MCMC,0.049614,,0.137260,1.082031,1.082031,1.000000,0.049614
MI_2,MI Moderate (μ=2.0),77,Septal,3,Lateral,2,Non-diseased,MCMC,0.000971,,0.031587,0.424917,0.424917,1.000000,0.000971
MI_2,MI Moderate (μ=2.0),77,Septal,3,Septal,3,Diseased,MCMC,0.077704,,0.182070,1.775782,1.775782,1.000000,0.077704
MI_2,MI Moderate (μ=2.0),77,Septal,3,Apical,4,Non-diseased,MCMC,0.000049,,0.022411,0.319616,0.319616,1.000000,0.000049
MI_2,MI Moderate (μ=2.0),78,Septal,3,Anterior,0,Non-diseased,MCMC,0.000531,,0.046313,0.620443,0.620443,1.000000,0.000531
MI_2,MI Moderate (μ=2.0),78,Septal,3,Inferior,1,Non-diseased,MCMC,0.048533,,0.127441,1.020864,1.020864,1.000000,0.048533
MI_2,MI Moderate (μ=2.0),78,Septal,3,Lateral,2,Non-diseased,MCMC,0.000215,,0.029462,0.406410,0.406410,1.000000,0.000215
MI_2,MI Moderate (μ=2.0),78,Septal,3,Septal,3,Diseased,MCMC,0.096231,,0.219036,2.193128,2.193128,1.000000,0.096231
MI_2,MI Moderate (μ=2.0),78,Septal,3,Apical,4,Non-diseased,MCMC,0.000005,,0.023156,0.338493,0.338493,1.000000,0.000005
MI_2,MI Moderate (μ=2.0),79,Septal,3,Anterior,0,Non-diseased,MCMC,0.000049,,0.041680,0.570075,0.570075,1.000000,0.000049
MI_2,MI Moderate (μ=2.0),79,Septal,3,Inferior,1,Non-diseased,MCMC,0.103341,,0.189773,1.055166,1.055166,1.000000,0.103341
MI_2,MI Moderate (μ=2.0),79,Septal,3,Lateral,2,Non-diseased,MCMC,0.002309,,0.038091,0.455257,0.455257,1.000000,0.002309
MI_2,MI Moderate (μ=2.0),79,Septal,3,Septal,3,Diseased,MCMC,0.090435,,0.189696,1.720352,1.720352,1.000000,0.090435
MI_2,MI Moderate (μ=2.0),79,Septal,3,Apical,4,Non-diseased,MCMC,0.001302,,0.027904,0.339569,0.339569,1.000000,0.001302
MI_2,MI Moderate (μ=2.0),80,Apical,4,Anterior,0,Non-diseased,MCMC,0.010638,,0.065746,0.602722,0.602722,1.000000,0.010638
MI_2,MI Moderate (μ=2.0),80,Apical,4,Inferior,1,Non-diseased,MCMC,0.138016,,0.225256,0.985605,0.985605,1.000000,0.138016
MI_2,MI Moderate (μ=2.0),80,Apical,4,Lateral,2,Non-diseased,MCMC,0.004088,,0.043201,0.439302,0.439302,1.000000,0.004088
MI_2,MI Moderate (μ=2.0),80,Apical,4,Septal,3,Non-diseased,MCMC,0.064289,,0.149782,0.961780,0.961780,1.000000,0.064289
MI_2,MI Moderate (μ=2.0),80,Apical,4,Apical,4,Diseased,MCMC,0.003096,,0.056341,0.691535,0.691535,1.000000,0.003096
MI_2,MI Moderate (μ=2.0),81,Apical,4,Anterior,0,Non-diseased,MCMC,0.007781,,0.059884,0.592799,0.592799,1.000000,0.007781
MI_2,MI Moderate (μ=2.0),81,Apical,4,Inferior,1,Non-diseased,MCMC,0.213216,,0.277593,1.050557,1.050557,1.000000,0.213216
MI_2,MI Moderate (μ=2.0),81,Apical,4,Lateral,2,Non-diseased,MCMC,0.009971,,0.058747,0.378497,0.378497,1.000000,0.009971
MI_2,MI Moderate (μ=2.0),81,Apical,4,Septal,3,Non-diseased,MCMC,0.031517,,0.111859,0.862166,0.862166,1.000000,0.031517
MI_2,MI Moderate (μ=2.0),81,Apical,4,Apical,4,Diseased,MCMC,0.000355,,0.037589,0.498900,0.498900,1.000000,0.000355
MI_2,MI Moderate (μ=2.0),82,Apical,4,Anterior,0,Non-diseased,MCMC,0.003184,,0.056139,0.649523,0.649523,1.000000,0.003184
MI_2,MI Moderate (μ=2.0),82,Apical,4,Inferior,1,Non-diseased,MCMC,0.095105,,0.185843,1.170106,1.170106,1.000000,0.095105
MI_2,MI Moderate (μ=2.0),82,Apical,4,Lateral,2,Non-diseased,MCMC,0.003937,,0.045161,0.500607,0.500607,1.000000,0.003937
MI_2,MI Moderate (μ=2.0),82,Apical,4,Septal,3,Non-diseased,MCMC,0.011567,,0.077550,0.821746,0.821746,1.000000,0.011567
MI_2,MI Moderate (μ=2.0),82,Apical,4,Apical,4,Diseased,MCMC,0.014003,,0.080188,0.870621,0.870621,1.000000,0.014003
MI_2,MI Moderate (μ=2.0),83,Apical,4,Anterior,0,Non-diseased,MCMC,0.002558,,0.051730,0.649700,0.649700,1.000000,0.002558
MI_2,MI Moderate (μ=2.0),83,Apical,4,Inferior,1,Non-diseased,MCMC,0.081775,,0.172748,1.096595,1.096595,1.000000,0.081775
MI_2,MI Moderate (μ=2.0),83,Apical,4,Lateral,2,Non-diseased,MCMC,0.001631,,0.037934,0.491742,0.491742,1.000000,0.001631
MI_2,MI Moderate (μ=2.0),83,Apical,4,Septal,3,Non-diseased,MCMC,0.021612,,0.095095,0.840258,0.840258,1.000000,0.021612
MI_2,MI Moderate (μ=2.0),83,Apical,4,Apical,4,Diseased,MCMC,0.001962,,0.061992,0.840294,0.840294,1.000000,0.001962
MI_2,MI Moderate (μ=2.0),84,Apical,4,Anterior,0,Non-diseased,MCMC,0.004684,,0.055661,0.646161,0.646161,1.000000,0.004684
MI_2,MI Moderate (μ=2.0),84,Apical,4,Inferior,1,Non-diseased,MCMC,0.124439,,0.212301,1.119539,1.119539,1.000000,0.124439
MI_2,MI Moderate (μ=2.0),84,Apical,4,Lateral,2,Non-diseased,MCMC,0.003002,,0.037924,0.395330,0.395330,1.000000,0.003002
MI_2,MI Moderate (μ=2.0),84,Apical,4,Septal,3,Non-diseased,MCMC,0.040263,,0.120628,0.897459,0.897459,1.000000,0.040263
MI_2,MI Moderate (μ=2.0),84,Apical,4,Apical,4,Diseased,MCMC,0.000093,,0.048064,0.666812,0.666812,1.000000,0.000093
MI_2,MI Moderate (μ=2.0),85,Apical,4,Anterior,0,Non-diseased,MCMC,0.005278,,0.056249,0.635260,0.635260,1.000000,0.005278
MI_2,MI Moderate (μ=2.0),85,Apical,4,Inferior,1,Non-diseased,MCMC,0.133932,,0.211197,1.237520,1.237520,1.000000,0.133932
MI_2,MI Moderate (μ=2.0),85,Apical,4,Lateral,2,Non-diseased,MCMC,0.003362,,0.039997,0.436448,0.436448,1.000000,0.003362
MI_2,MI Moderate (μ=2.0),85,Apical,4,Septal,3,Non-diseased,MCMC,0.031071,,0.112193,0.952286,0.952286,1.000000,0.031071
MI_2,MI Moderate (μ=2.0),85,Apical,4,Apical,4,Diseased,MCMC,0.001484,,0.055463,0.742611,0.742611,1.000000,0.001484
MI_2,MI Moderate (μ=2.0),86,Apical,4,Anterior,0,Non-diseased,MCMC,0.006232,,0.059726,0.660142,0.660142,1.000000,0.006232
MI_2,MI Moderate (μ=2.0),86,Apical,4,Inferior,1,Non-diseased,MCMC,0.046042,,0.145502,1.239614,1.239614,1.000000,0.046042
MI_2,MI Moderate (μ=2.0),86,Apical,4,Lateral,2,Non-diseased,MCMC,0.002224,,0.036579,0.438607,0.438607,1.000000,0.002224
MI_2,MI Moderate (μ=2.0),86,Apical,4,Septal,3,Non-diseased,MCMC,0.031946,,0.108260,0.895009,0.895009,1.000000,0.031946
MI_2,MI Moderate (μ=2.0),86,Apical,4,Apical,4,Diseased,MCMC,0.008377,,0.074868,0.915298,0.915298,1.000000,0.008377
MI_2,MI Moderate (μ=2.0),87,Apical,4,Anterior,0,Non-diseased,MCMC,0.018015,,0.081799,0.686889,0.686889,1.000000,0.018015
MI_2,MI Moderate (μ=2.0),87,Apical,4,Inferior,1,Non-diseased,MCMC,0.276160,,0.336218,1.007488,1.007488,1.000000,0.276160
MI_2,MI Moderate (μ=2.0),87,Apical,4,Lateral,2,Non-diseased,MCMC,0.008614,,0.056030,0.433464,0.433464,1.000000,0.008614
MI_2,MI Moderate (μ=2.0),87,Apical,4,Septal,3,Non-diseased,MCMC,0.035069,,0.113835,0.918977,0.918977,1.000000,0.035069
MI_2,MI Moderate (μ=2.0),87,Apical,4,Apical,4,Diseased,MCMC,0.002027,,0.032040,0.325724,0.325724,1.000000,0.002027
MI_2,MI Moderate (μ=2.0),88,Apical,4,Anterior,0,Non-diseased,MCMC,0.004346,,0.056895,0.683718,0.683718,1.000000,0.004346
MI_2,MI Moderate (μ=2.0),88,Apical,4,Inferior,1,Non-diseased,MCMC,0.050854,,0.141350,1.084779,1.084779,1.000000,0.050854
MI_2,MI Moderate (μ=2.0),88,Apical,4,Lateral,2,Non-diseased,MCMC,0.002782,,0.044606,0.551863,0.551863,1.000000,0.002782
MI_2,MI Moderate (μ=2.0),88,Apical,4,Septal,3,Non-diseased,MCMC,0.020634,,0.097440,0.884781,0.884781,1.000000,0.020634
MI_2,MI Moderate (μ=2.0),88,Apical,4,Apical,4,Diseased,MCMC,0.012606,,0.081499,0.889741,0.889741,1.000000,0.012606
MI_2,MI Moderate (μ=2.0),89,Apical,4,Anterior,0,Non-diseased,MCMC,0.006266,,0.059538,0.626680,0.626680,1.000000,0.006266
MI_2,MI Moderate (μ=2.0),89,Apical,4,Inferior,1,Non-diseased,MCMC,0.076827,,0.160729,1.110035,1.110035,1.000000,0.076827
MI_2,MI Moderate (μ=2.0),89,Apical,4,Lateral,2,Non-diseased,MCMC,0.000692,,0.032912,0.455505,0.455505,1.000000,0.000692
MI_2,MI Moderate (μ=2.0),89,Apical,4,Septal,3,Non-diseased,MCMC,0.030634,,0.112294,0.933531,0.933531,1.000000,0.030634
MI_2,MI Moderate (μ=2.0),89,Apical,4,Apical,4,Diseased,MCMC,0.000250,,0.060092,0.824914,0.824914,1.000000,0.000250
MI_2,MI Moderate (μ=2.0),90,Apical,4,Anterior,0,Non-diseased,MCMC,0.007212,,0.061081,0.682640,0.682640,1.000000,0.007212
MI_2,MI Moderate (μ=2.0),90,Apical,4,Inferior,1,Non-diseased,MCMC,0.092864,,0.183805,1.196048,1.196048,1.000000,0.092864
MI_2,MI Moderate (μ=2.0),90,Apical,4,Lateral,2,Non-diseased,MCMC,0.004501,,0.044628,0.432722,0.432722,1.000000,0.004501
MI_2,MI Moderate (μ=2.0),90,Apical,4,Septal,3,Non-diseased,MCMC,0.021113,,0.097210,0.931795,0.931795,1.000000,0.021113
MI_2,MI Moderate (μ=2.0),90,Apical,4,Apical,4,Diseased,MCMC,0.004986,,0.066041,0.860464,0.860464,1.000000,0.004986
MI_2,MI Moderate (μ=2.0),91,Apical,4,Anterior,0,Non-diseased,MCMC,0.023166,,0.088021,0.571364,0.571364,1.000000,0.023166
MI_2,MI Moderate (μ=2.0),91,Apical,4,Inferior,1,Non-diseased,MCMC,0.150356,,0.230998,0.957272,0.957272,1.000000,0.150356
MI_2,MI Moderate (μ=2.0),91,Apical,4,Lateral,2,Non-diseased,MCMC,0.014377,,0.076229,0.479204,0.479204,1.000000,0.014377
MI_2,MI Moderate (μ=2.0),91,Apical,4,Septal,3,Non-diseased,MCMC,0.066560,,0.151206,0.945257,0.945257,1.000000,0.066560
MI_2,MI Moderate (μ=2.0),91,Apical,4,Apical,4,Diseased,MCMC,0.000410,,0.024602,0.302816,0.302816,1.000000,0.000410
MI_2,MI Moderate (μ=2.0),92,Apical,4,Anterior,0,Non-diseased,MCMC,0.004621,,0.052331,0.588445,0.588445,1.000000,0.004621
MI_2,MI Moderate (μ=2.0),92,Apical,4,Inferior,1,Non-diseased,MCMC,0.123821,,0.199387,1.107433,1.107433,1.000000,0.123821
MI_2,MI Moderate (μ=2.0),92,Apical,4,Lateral,2,Non-diseased,MCMC,0.005556,,0.047349,0.452268,0.452268,1.000000,0.005556
MI_2,MI Moderate (μ=2.0),92,Apical,4,Septal,3,Non-diseased,MCMC,0.022831,,0.093263,0.848848,0.848848,1.000000,0.022831
MI_2,MI Moderate (μ=2.0),92,Apical,4,Apical,4,Diseased,MCMC,0.003341,,0.065996,0.871375,0.871375,1.000000,0.003341
MI_2,MI Moderate (μ=2.0),93,Apical,4,Anterior,0,Non-diseased,MCMC,0.023815,,0.089030,0.609128,0.609128,1.000000,0.023815
MI_2,MI Moderate (μ=2.0),93,Apical,4,Inferior,1,Non-diseased,MCMC,0.294769,,0.361522,1.856662,0.890532,0.000000,0.294769
MI_2,MI Moderate (μ=2.0),93,Apical,4,Lateral,2,Non-diseased,MCMC,0.019999,,0.085286,0.461792,0.461792,1.000000,0.019999
MI_2,MI Moderate (μ=2.0),93,Apical,4,Septal,3,Non-diseased,MCMC,0.070820,,0.159409,0.981009,0.981009,1.000000,0.070820
MI_2,MI Moderate (μ=2.0),93,Apical,4,Apical,4,Diseased,MCMC,0.002329,,0.033415,0.339308,0.339308,1.000000,0.002329
MI_2,MI Moderate (μ=2.0),94,Apical,4,Anterior,0,Non-diseased,MCMC,0.002185,,0.054397,0.685487,0.685487,1.000000,0.002185
MI_2,MI Moderate (μ=2.0),94,Apical,4,Inferior,1,Non-diseased,MCMC,0.084542,,0.169580,1.213531,1.213531,1.000000,0.084542
MI_2,MI Moderate (μ=2.0),94,Apical,4,Lateral,2,Non-diseased,MCMC,0.001961,,0.044450,0.562642,0.562642,1.000000,0.001961
MI_2,MI Moderate (μ=2.0),94,Apical,4,Septal,3,Non-diseased,MCMC,0.012167,,0.081018,0.853040,0.853040,1.000000,0.012167
MI_2,MI Moderate (μ=2.0),94,Apical,4,Apical,4,Diseased,MCMC,0.009063,,0.078578,0.908901,0.908901,1.000000,0.009063
MI_2,MI Moderate (μ=2.0),95,Apical,4,Anterior,0,Non-diseased,MCMC,0.011443,,0.066052,0.598405,0.598405,1.000000,0.011443
MI_2,MI Moderate (μ=2.0),95,Apical,4,Inferior,1,Non-diseased,MCMC,0.122964,,0.204388,1.135581,1.135581,1.000000,0.122964
MI_2,MI Moderate (μ=2.0),95,Apical,4,Lateral,2,Non-diseased,MCMC,0.001853,,0.035943,0.412337,0.412337,1.000000,0.001853
MI_2,MI Moderate (μ=2.0),95,Apical,4,Septal,3,Non-diseased,MCMC,0.072108,,0.160616,1.018766,1.018766,1.000000,0.072108
MI_2,MI Moderate (μ=2.0),95,Apical,4,Apical,4,Diseased,MCMC,0.001004,,0.046232,0.615748,0.615748,1.000000,0.001004
MI_2,MI Moderate (μ=2.0),96,Apical,4,Anterior,0,Non-diseased,MCMC,0.006703,,0.060976,0.681790,0.681790,1.000000,0.006703
MI_2,MI Moderate (μ=2.0),96,Apical,4,Inferior,1,Non-diseased,MCMC,0.132756,,0.207258,1.182414,1.182414,1.000000,0.132756
MI_2,MI Moderate (μ=2.0),96,Apical,4,Lateral,2,Non-diseased,MCMC,0.003253,,0.040369,0.416071,0.416071,1.000000,0.003253
MI_2,MI Moderate (μ=2.0),96,Apical,4,Septal,3,Non-diseased,MCMC,0.044361,,0.130989,0.983121,0.983121,1.000000,0.044361
MI_2,MI Moderate (μ=2.0),96,Apical,4,Apical,4,Diseased,MCMC,0.000077,,0.052149,0.750681,0.750681,1.000000,0.000077
MI_2,MI Moderate (μ=2.0),97,Apical,4,Anterior,0,Non-diseased,MCMC,0.009305,,0.062322,0.599847,0.599847,1.000000,0.009305
MI_2,MI Moderate (μ=2.0),97,Apical,4,Inferior,1,Non-diseased,MCMC,0.077473,,0.163145,1.144003,1.144003,1.000000,0.077473
MI_2,MI Moderate (μ=2.0),97,Apical,4,Lateral,2,Non-diseased,MCMC,0.004779,,0.048755,0.513761,0.513761,1.000000,0.004779
MI_2,MI Moderate (μ=2.0),97,Apical,4,Septal,3,Non-diseased,MCMC,0.029693,,0.111477,0.958042,0.958042,1.000000,0.029693
MI_2,MI Moderate (μ=2.0),97,Apical,4,Apical,4,Diseased,MCMC,0.004044,,0.071004,0.907453,0.907453,1.000000,0.004044
MI_2,MI Moderate (μ=2.0),98,Apical,4,Anterior,0,Non-diseased,MCMC,0.009247,,0.062627,0.615183,0.615183,1.000000,0.009247
MI_2,MI Moderate (μ=2.0),98,Apical,4,Inferior,1,Non-diseased,MCMC,0.124034,,0.198522,1.084636,1.084636,1.000000,0.124034
MI_2,MI Moderate (μ=2.0),98,Apical,4,Lateral,2,Non-diseased,MCMC,0.007181,,0.052674,0.455892,0.455892,1.000000,0.007181
MI_2,MI Moderate (μ=2.0),98,Apical,4,Septal,3,Non-diseased,MCMC,0.030510,,0.120937,0.981457,0.981457,1.000000,0.030510
MI_2,MI Moderate (μ=2.0),98,Apical,4,Apical,4,Diseased,MCMC,0.008238,,0.080249,0.976408,0.976408,1.000000,0.008238
MI_2,MI Moderate (μ=2.0),99,Apical,4,Anterior,0,Non-diseased,MCMC,0.004962,,0.061553,0.696768,0.696768,1.000000,0.004962
MI_2,MI Moderate (μ=2.0),99,Apical,4,Inferior,1,Non-diseased,MCMC,0.061720,,0.149788,1.151422,1.151422,1.000000,0.061720
MI_2,MI Moderate (μ=2.0),99,Apical,4,Lateral,2,Non-diseased,MCMC,0.002507,,0.040709,0.504033,0.504033,1.000000,0.002507
MI_2,MI Moderate (μ=2.0),99,Apical,4,Septal,3,Non-diseased,MCMC,0.017786,,0.091048,0.879808,0.879808,1.000000,0.017786
MI_2,MI Moderate (μ=2.0),99,Apical,4,Apical,4,Diseased,MCMC,0.008605,,0.079886,0.933865,0.933865,1.000000,0.008605
